,SMILES,PC1,PC2,PC3,PC4,PC5,PC6,PC1_normalized,PC2_normalized,Cluster_PC1_PC2,cluster
0,C[N]1N=NC(=N1)N=NC2=CC=CC=C2,-1.292014070945832,-2.4539405215902943,-2.50537589030676,0.47792476081789176,0.8325287072909827,0.0726381115488377,-0.11481248492542558,-0.23601508656852785,0,0
1,C[N]1C=NC(=N1)N=NC2=CC=CC=C2,-1.7151383267848352,-1.7776365085027435,-1.9448944841867315,0.2463189509806785,0.6232597939498309,0.037738319021080775,-0.15241265379164698,-0.17096952055291004,0,0
2,C[N]1C=CC(=N1)N=NC2=CC=CC=C2,-2.138262582623842,-1.101332495415181,-1.3844130780667014,0.014713141143470694,0.4139908806086774,0.002838526493320931,-0.19001282265786873,-0.10592395453729112,0,0
3,C[N]1C=C(C)C(=N1)N=NC2=CC=CC=C2,-1.9801345868353164,-0.7870005539340209,-1.1829078435881994,0.10121341079397857,0.37087662552871276,-0.003916666561763541,-0.1759610653736255,-0.07569213769934592,0,0
4,C[N]1C=C(C=N1)N=NC2=CC=CC=C2,-2.1382625826238413,-1.1013324954151826,-1.3844130780667028,0.014713141143471088,0.4139908806086786,0.002838526493320167,-0.19001282265786867,-0.10592395453729127,0,0
5,C[N]1N=C(C)C(=C1C)N=NC2=CC=CC=C2,-1.8220065910467906,-0.4726686124528612,-0.9814026091096972,0.1877136804444868,0.3277623704487487,-0.010671859616848167,-0.16190930808938223,-0.04546032086140078,0,0
6,C[N]1N=CC=C1N=NC2=CC=CC=C2,-2.1382625826238417,-1.1013324954151817,-1.3844130780667017,0.014713141143470648,0.4139908806086778,0.0028385264933208326,-0.1900128226578687,-0.10592395453729117,0,0
7,C[N]1N=CC(=C1N=NC2=CC=CC=C2)C,-1.980134586835316,-0.787000553934021,-1.182907843588199,0.10121341079397879,0.37087662552871276,-0.003916666561764048,-0.17596106537362546,-0.07569213769934593,0,0
8,CC(N(C)C(C)=C1)=C1/N=N/C2=CC=CC=C2,-2.2451308468857936,0.20363540063469632,-0.42092120298966734,-0.04389212939272219,0.11849345710759518,-0.045571652144607594,-0.19950947695560364,0.019585245154217674,0,0
9,CC(N(C)C(C)=C1C)=C1/N=N/C2=CC=CC=C2,-2.0870028510972682,0.517967342115857,-0.21941596851116496,0.04260814025778596,0.07537920202763033,-0.0523268451996923,-0.18545771967136043,0.04981706199216291,0,0
10,CN1C(/N=N/C2=CC=CC=C2)=C(C)C=C1C,-2.2451308468857936,0.20363540063469632,-0.42092120298966734,-0.04389212939272219,0.11849345710759518,-0.045571652144607594,-0.19950947695560364,0.019585245154217674,0,0
11,CN1C(/N=N/C2=CC=CC=C2)=CC=C1,-2.5613868384628455,-0.4250284823276247,-0.8239316719466723,-0.21689266869373836,0.20472196726752429,-0.032061266034438624,-0.22761299152409017,-0.04087838852167276,0,0
12,CN1C(/N=N/C2=CC=CC=C2)=NC=C1,-2.1382625826238417,-1.1013324954151817,-1.3844130780667017,0.014713141143470648,0.4139908806086778,0.0028385264933208326,-0.1900128226578687,-0.10592395453729117,0,0
13,CN(C=N1)C=C1/N=N/C2=CC=CC=C2,-2.1382625826238417,-1.1013324954151817,-1.3844130780667017,0.014713141143470648,0.4139908806086778,0.0028385264933208326,-0.1900128226578687,-0.10592395453729117,0,0
14,CN1C(/N=N/C2=CC=CC=C2)=CN=C1,-2.1382625826238417,-1.1013324954151817,-1.3844130780667017,0.014713141143470648,0.4139908806086778,0.0028385264933208326,-0.1900128226578687,-0.10592395453729117,0,0
15,NC(C=C1)=CC=C1N=NC2=NNC=C2,-1.115337160092152,-3.3856147814183917,0.4210112189816416,0.035080851762606134,0.016684783809574007,0.13419741834249954,-0.0991124119771416,-0.32562165166347024,0,0
16,COC(C=C1)=CC=C1N=NC2=NNC=C2,-1.21261642163211,-1.9691894296942543,-0.40383321867168737,-0.32839120633112984,0.1689238263160653,0.08238484926070967,-0.10775695695561593,-0.1893926970234508,0,0
17,CC(C=C1)=CC=C1N=NC2=NNC=C2,-1.9744974322381703,-1.6921758279321877,0.009928615101583528,-0.1766282321346988,-0.05198218131849845,0.15001463265432555,-0.17546012986389584,-0.1627500833882335,0,0
18,C1(/N=N/C2=CC=NN2)=CC=NN1,-1.408543198976371,-4.21742580962818,-0.10114093812494691,-0.15116766544490196,0.2030729430913164,0.29927143564909253,-0.12516763434387193,-0.40562357106792374,0,0
19,[H]C(C=C1)=CC=C1N=NC2=NNC=C2,-2.1326254280266963,-2.0065077694133477,-0.19157661937691858,-0.2631285017852068,-0.008867926238534317,0.1567698257094097,-0.1895118871481391,-0.19298190022617867,0,0
20,BrC(C=C1)=CC=C1N=NC2=NNC=C2,-1.423936327728238,-1.0105823840345365,0.467039711777682,0.0493662852895679,0.26263938620157473,0.47025617069621506,-0.12653551678611583,-0.09719579050676032,0,0
21,FC1=CC=CC=C1N=NC2=NNC=C2,-1.9755943081361242,-1.8057174044753417,-0.05741741746533561,-0.19750737386310563,0.07367937456996954,0.2427914207988755,-0.17555760174932716,-0.17367028490949663,0,0
22,O=C(O)C(C=C1)=CC=C1N=NC2=NNC=C2,-0.4590590707655677,-3.217467231736109,0.45564053454413184,-0.2222132223420951,-0.06380366284879646,0.4285650676642506,-0.040793450959530075,-0.30944955696704646,0,0
23,O=C(C1=CC=C(/N=N/C2=NNC=C2)C=C1)OCC,-0.0454257326780671,-1.825320389326873,-0.5321561358447161,-0.2710966646376344,0.2001815811036072,0.15645306284451654,-0.004036675269727499,-0.17555566074726853,0,0
24,CC(C(C=C1)=CC=C1N=NC2=NNC=C2)=O,-0.9592622487477322,-1.8354073590706554,-0.303173604667345,-0.1997329198309009,0.003864287108484835,0.21811598517559358,-0.08524309831490705,-0.17652580530307468,0,0
25,[O-][N+](C(C=C1)=CC=C1N=NC2=NNC=C2)=O,-0.2466385405454026,-2.3910980995944775,-0.7694441070143966,0.2039287458329257,-0.21502861452091931,0.34805641590234937,-0.021917086164292405,-0.22997102823173213,0,0
26,CN(N=C1)C=C1/N=N/C2=C(F)C=CC=C2F,-1.824200342842698,-0.6997517655391688,-1.1160946742435354,0.1459553969876733,0.5790854822256847,0.17488171667225183,-0.16210425186024485,-0.06730072390392705,0,0
27,CN(N=C1C)C(C)=C1/N=N/C2=C(F)C=CC=C2F,-1.5079443512656463,-0.07108788257684807,-0.7130842052865307,0.31895593628868957,0.4928569720657556,0.16137133056208283,-0.13400073729175835,-0.006837090228036642,0,0
28,CN(N=C1C)C(C)=C1/N=N/C2=C(Cl)C=CC=C2Cl,-1.0893024641014415,0.9023591889049523,-0.09594888383681037,0.5736875709065685,0.21969521533738146,0.025862831061001297,-0.09679888598064586,0.086787100262435,0,0
29,CN(N=C1C)C(C)=C1/N=N/C2=C(OC)C=CC=C2OC,0.018011421742381663,-0.3980319330146727,-1.4059158076992337,0.057188271352640846,0.6833458755579468,-0.15944181251424905,0.0016005522956641048,-0.0382819144559449,0,0
30,FC1=CC=CC=C1/N=N/C2=C(F)C=CC=C2,-2.5426454172958772,0.6059910006774978,-0.013693896805724654,-0.24384708228130908,-0.05571419395137702,0.1863114059486583,-0.2259475691547824,0.05828300124893057,0,0
31,FC1=CC=CC(F)=C1/N=N/C2=CC=CC=C2,-2.5426454172958772,0.6059910006774978,-0.013693896805724654,-0.24384708228130908,-0.05571419395137702,0.1863114059486583,-0.2259475691547824,0.05828300124893057,0,0
32,FC1=CC=CC(F)=C1/N=N/C2=C(F)C=CC=C2F,-2.2285831775147336,1.0075717305535092,0.2546245070174407,-0.11260482643710673,0.10938040766563095,0.35835459612759013,-0.19803899835715855,0.09690623188229455,0,0
33,FC1=CC(F)=CC(F)=C1/N=N/C(C(F)=C2)=C(F)C=C2F,-1.9145209377335894,1.4091524604295216,0.5229429108406066,0.01863742940709573,0.2744750092826385,0.5303977863065215,-0.17013042755953467,0.13552946251565862,0,0
34,FC1=C(F)C=C(F)C(F)=C1/N=N/C2=C(F)C(F)=CC(F)=C2F,-1.6004586979524458,1.8107331903055335,0.7912613146637721,0.14987968525129824,0.4395696108996463,0.702440976485453,-0.14222185676191082,0.17415269314902265,0,0
35,FC1=C(F)C(F)=C(F)C(F)=C1/N=N/C2=C(F)C(F)=C(F)C(F)=C2F,-1.2863964581713019,2.2123139201815456,1.0595797184869384,0.28112194109550076,0.6046642125166538,0.8744841666643846,-0.11431328596428696,0.2127759237823867,0,0
36,FC1=CC=CC(F)=C1/N=N/C2=CC=C(C(OCC)=O)C=C2,-0.45544572194724803,0.7871783807639731,-0.35427341327352163,-0.2518152451337366,0.15333531339076392,0.18599464308376482,-0.04047235727637078,0.07570924072784076,0,0
37,FC1=CC(C(OCC)=O)=CC(F)=C1/N=N/C2=C(F)C=C(C(OCC)=O)C=C2F,1.9458162131825243,1.3699464907264594,-0.4265345259181537,-0.12854115214196193,0.5274794223499133,0.35772107039780293,0.17291142539966461,0.13175871084011487,1,1
38,FC1=CC(C(OCC)=O)=CC(F)=C1/N=N/C2=C(F)C=CC=C2F,-0.14138348216610422,1.1887591106399849,-0.08595500945035627,-0.12057298928953421,0.31842991500777207,0.35803783326269645,-0.012563786478746926,0.11433247136120477,0,0
39,FC1=CC(C(OCC)=O)=CC(F)=C1/N=N/C2=CC=C(C(OCC)=O)C=C2,1.631753973401381,0.9683657608504485,-0.6948529297413188,-0.2597834079861642,0.36238482073290484,0.18567788021887088,0.14500285460204082,0.09313548020675094,1,1
40,FC1=CC(C(OCC)=O)=CC(F)=C1/N=N/C2=CC=CC=C2,-0.4554457219472481,0.7871783807639733,-0.35427341327352163,-0.25181524513373665,0.15333531339076406,0.1859946430837647,-0.04047235727637079,0.07570924072784077,0,0
41,C12=CC=CC=C1CCC3=CC=CC=C3/N=N\2,-3.117784989497875,0.3234793435229126,0.01138813038654845,0.5822030608756825,0.019577591059374653,0.2774308146799737,-0.27705630314489854,0.031111595653188114,0,0
42,NC1=CC(/N=N\2)=C(CCC3=C2C=C(N)C=C3)C=C1,-1.0832084536287874,-2.4347346804871783,1.2365638071036689,1.1786217679713082,0.07068301115559113,0.23228599994615357,-0.09625735280290361,-0.2341679072213953,0,0
43,NC1=CC(CCC2=C3C=CC(N)=C2)=C(/N=N\3)C=C1,-1.083208453628787,-2.4347346804871783,1.2365638071036686,1.1786217679713082,0.07068301115559077,0.23228599994615384,-0.09625735280290357,-0.2341679072213953,0,0
44,OCC(C=C1)=CC2=C1CCC3=C(/N=N\2)C=C(CO)C=C3,-0.6179755717234529,-2.216347253603763,1.1675184288627465,0.23575163183350292,0.6083244020914319,0.25574676294938126,-0.05491527732421641,-0.2131638417161871,0,0
45,OCCC1=CC(/N=N\2)=C(CCC3=C2C=C(CCO)C=C3)C=C1,0.07293568130846047,-1.9171277219032035,1.1635745498388264,-0.5658337915709268,0.7417277196588905,0.3374011307581814,0.006481296913912898,-0.18438550619583963,0,0
46,[N-]=[N+]=NCC(C=C1)=CC2=C1CCC3=C(/N=N\2)C=C(CN=[N+]=[N-])C=C3,1.1622785254050683,1.1998645179195155,0.018417578124316162,0.6442547633108276,-1.7862922785793272,0.984694210832197,0.10328377118952439,0.11540056720028347,1,1
47,[N-]=[N+]=NCCC1=CC(/N=N\2)=C(CCC3=C2C=C(CCN=[N+]=[N-])C=C3)C=C1,1.8531897784369813,1.4990840496200761,0.014473699100395903,-0.1573306600936019,-1.6528889610118687,1.0663485786409972,0.16468034542765367,0.14417890272063102,1,1
48,NCC1=CC(/N=N\2)=C(CCC3=C2C=C(CN)C=C3)C=C1,-0.4516962379265476,-2.3975677526070136,1.0716631343109329,0.3183248846657432,0.38236110432461085,0.4363670914375917,-0.04013916618558827,-0.23059326650620854,0,0
49,NCCC1=CC(/N=N\2)=C(CCC3=C2C=C(CCN)C=C3)C=C1,0.23921501510536547,-2.098348220906454,1.0677192552870123,-0.48326053873868624,0.5157644218920694,0.5180214592463921,0.02125740805254101,-0.2018149309858611,0,0
50,C=CC1=CC(/N=N\2)=C(CCC3=C2C=C(C=C)C=C3)C=C1,-2.0357147618882827,1.6920586685755599,0.6787101070575106,0.0477298082370801,-0.2821594104631335,0.0993933377640644,-0.1809000967308844,0.1627388152358665,0,0
51,CC(C)(C)OCC1=CC(/N=N\2)=C(CCC3=C2C=C(COC(C)(C)C)C=C3)C=C1,0.48312206975950794,3.1180723783565814,1.1204112808564484,0.2889005928301095,-0.11390905341407546,-0.08004019609007905,0.042931765681775945,0.29988995895786863,1,1
52,CC(OCCC1=CC=C2CCC3=CC=C(CCOC(C)(C)C)C=C3/N=N\C2=C1)(C)C,1.1740333227914217,3.417291910057142,1.1164674018325287,-0.5126848305743198,0.019494264153383525,0.00161417171872122,0.1043283399199053,0.3286682944782162,1,1
53,CC(NC(C=C1)=CC(OC)=C1/N=N/C2=C(OC)C=C(NC(C)=O)C=C2)=O,2.3419987452009163,-1.4328507450524852,1.0161421970855118,-0.4124545428365776,0.320020278833211,0.17414021379190442,0.20811746688788121,-0.13780871608664155,1,1
54,CC(NC(C=C1OC)=CC(OC)=C1/N=N/C2=C(OC)C=C(NC(C)=O)C=C2OC)=O,4.182016757990088,-1.3582140656142976,0.5916289984959746,-0.5429799519284234,0.6756037839424096,0.025370260894503633,0.3716273272729275,-0.13063030968118575,1,1
55,COC(C=CN=C1)=C1/N=N/C2=CC=CC=C2,-1.5135743948434315,-0.4345754025669771,-1.0547503060436882,-0.2087462328342255,0.1662518703273673,-0.025216968151214533,-0.13450104089366163,-0.04179659219732394,0,0
56,C1(/N=N/C2=CC=CC=C2)=CC=CN=C1,-2.4335834012380184,-0.4718937422860711,-0.8424937067489197,-0.14348352828830266,-0.011539882227231627,0.04916800829748602,-0.21625597108618488,-0.045385795400051866,0,0
57,CC1=C(/N=N/C2=CC=CC=C2)C=NC=C1,-2.2754554054494918,-0.15756180080491017,-0.6409884722704171,-0.05698325863779441,-0.05465413730719649,0.04241281524240134,-0.20220421380194156,-0.015153978562106603,0,0
58,CC(C)C1=C(/N=N/C2=CC=CC=C2)C=NC=C1,-1.6888455263281168,0.6726694587219908,-0.21647442514617324,-0.2892105197204627,-0.28025406000602404,-0.09463972822203336,-0.15007619181033566,0.06469600185312957,0,0
59,IC1=C(/N=N/C2=CC=CC=C2)C=NC=C1,-1.400676968449554,0.6421134527843945,-0.08246122808707705,0.25050679979502405,0.764160792772599,0.7871412598050302,-0.12446861604825928,0.061757186375288785,0,0
60,CN(C)C1=C(/N=N/C2=CC=CC=C2)C=NC=C1,-1.5072929458662012,-0.2622005325460373,-0.9496360421841858,-0.22006171475518038,0.3759802225356657,-0.03529944948879413,-0.1339428513334813,-0.025217922293839127,0,0
61,O=C(N(CCC)C=C1/N=N/C2=CC=C(C(C)(C)C)C=C2)NC1=O,0.5849863079609608,-0.9505058102110782,0.04718448335125888,0.003980510630691508,0.462045807505268,0.4470336064634293,0.05198374628782509,-0.09141774590994374,1,1
62,O=C(COC1=C(/N=N\C2=C(OC3)C=CC=C2)C=CC=C1)O[C@H]4[C@H](OCC5=CC=CC=C5)[C@@H](OCC6=CC=CC=C6)[C@H](SC7=CC=CC=C7)O[C@@H]4COC3=O,8.135469147323892,4.688226813818016,0.6976692581066234,2.0675179104494825,1.8047400627842356,0.1711446580447591,0.7229436968551015,0.45090426910554543,1,1
63,CC1=C(C(C)=NN1)/N=N/C2=C(F)C=CC=C2,-1.6593383165590727,-1.1770535215130207,0.345593051491669,-0.024506834562089307,-0.012549135589959803,0.22928103468870636,-0.14745408718084066,-0.11320665123360621,0,0
64,CC1=C(C(C)=NN1)/N=N/C2=CC(F)=CC=C2,-1.6593383165590727,-1.1770535215130207,0.345593051491669,-0.024506834562089307,-0.012549135589959803,0.22928103468870636,-0.14745408718084066,-0.11320665123360621,0,0
65,CC1=C(C(C)=NN1)/N=N/C2=CC=C(F)C=C2,-1.6593383165590727,-1.1770535215130207,0.345593051491669,-0.024506834562089307,-0.012549135589959803,0.22928103468870636,-0.14745408718084066,-0.11320665123360621,0,0
66,CC1=C(C(C)=NN1)/N=N/C2=C(Cl)C=CC=C2,-1.4500173729769699,-0.6903299857721196,0.6541607122165295,0.10285898274685047,-0.14913001395414727,0.16152678493816539,-0.1288531615252844,-0.0663945559883703,0,0
67,CC1=C(C(C)=NN1)/N=N/C2=CC(Cl)=CC=C2,-1.45001737297697,-0.6903299857721202,0.6541607122165292,0.10285898274685032,-0.1491300139541468,0.1615267849381657,-0.12885316152528442,-0.06639455598837037,0,0
68,CC1=C(C(C)=NN1)/N=N/C2=CC=C(Cl)C=C2,-1.45001737297697,-0.6903299857721202,0.6541607122165292,0.10285898274685032,-0.1491300139541468,0.1615267849381657,-0.12885316152528442,-0.06639455598837037,0,0
69,CC1=C(C(C)=NN1)/N=N/C2=C(Br)C=CC=C2,-1.1076803361511858,-0.3819185010722146,0.8700501807346872,0.2223668245905846,0.17641087604164565,0.4567457845860462,-0.09843200221762925,-0.0367321568308698,0,0
70,CC1=C(C(C)=NN1)/N=N/C2=CC(Br)=CC=C2,-1.107680336151186,-0.3819185010722153,0.8700501807346868,0.22236682459058446,0.17641087604164613,0.45674578458604653,-0.09843200221762928,-0.03673215683086987,0,0
71,CC1=C(C(C)=NN1)/N=N/C2=CC=C(Br)C=C2,-1.107680336151186,-0.3819185010722153,0.8700501807346868,0.22236682459058446,0.17641087604164613,0.45674578458604653,-0.09843200221762928,-0.03673215683086987,0,0
72,CC1=C(C(C)=NN1)/N=N/C2=CC(O)=CC=C2,-0.8661544692924548,-2.59546015551146,0.9154852390712989,0.1826751535002788,-0.004782182433872671,-0.002737348236777208,-0.07696924451908636,-0.2496261616362335,0,0
73,CC1=C(C(C)=NN1)/N=N/C2=C(C(F)(F)F)C=CC=C2,-1.134712328397292,-0.2298083889278912,0.9575046931600983,0.24506447005257515,-0.04794460602070437,0.2864942601953622,-0.10083415113539472,-0.022102510769837512,0,0
74,CC1=C(C(C)=NN1)/N=N/C2=CC(C(F)(F)F)=CC=C2,-1.134712328397292,-0.2298083889278912,0.9575046931600983,0.24506447005257515,-0.04794460602070437,0.2864942601953622,-0.10083415113539472,-0.022102510769837512,0,0
75,CC1=C(C(C)=NN1)/N=N/C2=CC=C(C(F)(F)F)C=C2,-1.134712328397292,-0.2298083889278912,0.9575046931600983,0.24506447005257515,-0.04794460602070437,0.2864942601953622,-0.10083415113539472,-0.022102510769837512,0,0
76,CC1=C(C(C)=NN1)/N=N/C2=C(OC)C=CC=C2,-0.8963604300550585,-1.340525546731933,-0.0008227497146826916,-0.15539066703011373,0.0826953161561361,0.06887446315054041,-0.07965344238712943,-0.12892906334756032,0,0
77,CC1=C(C(C)=NN1)/N=N/C2=CC(OC)=CC=C2,-0.8963604300550584,-1.3405255467319321,-0.0008227497146823215,-0.1553906670301136,0.08269531615613566,0.06887446315054013,-0.07965344238712942,-0.12892906334756024,0,0
78,CC1=C(C(C)=NN1)/N=N/C2=CC=C(OC)C=C2,-0.8963604300550585,-1.340525546731933,-0.0008227497146826916,-0.15539066703011373,0.0826953161561361,0.06887446315054041,-0.07965344238712943,-0.12892906334756032,0,0
79,CC1=C(C(C)=NN1)/N=N/C2=C(C)C=CC=C2,-1.6582414406611186,-1.0635119449698658,0.4129390840585885,-0.003627692833682454,-0.13821069147842843,0.13650424654415608,-0.14735661529540933,-0.10228644971234296,0,0
80,CC1=C(C(C)=NN1)/N=N/C2=CC(C)=CC=C2,-1.6582414406611188,-1.0635119449698662,0.4129390840585881,-0.0036276928336826074,-0.138210691478428,0.13650424654415638,-0.14735661529540933,-0.102286449712343,0,0
81,CC1=C(C(C)=NN1)/N=N/C2=CC=C(C)C=C2,-1.6582414406611186,-1.0635119449698658,0.4129390840585885,-0.003627692833682454,-0.13821069147842843,0.13650424654415608,-0.14735661529540933,-0.10228644971234296,0,0
82,CC1=C(C(C)=NN1)/N=N/C2=CC(C(O)=O)=CC=C2,-0.14280307918851595,-2.5888033487737885,0.8586510035011359,-0.04921268304107869,-0.15003217300872598,0.41505468155408176,-0.012689936391043554,-0.24898592329115607,0,0
83,CC1=C(C(C)=NN1)/N=N/C2=CC=C(C(O)=O)C=C2,-0.14280307918851595,-2.5888033487737885,0.8586510035011359,-0.04921268304107869,-0.15003217300872598,0.41505468155408176,-0.012689936391043554,-0.24898592329115607,0,0
84,CC1=C(C(C)=NN1)/N=N/C2=CC(NC(C)=O)=CC=C2,-0.1370252417052615,-2.233792734097107,1.0727676977320553,-0.04354786029380071,-0.0024736517522641055,0.2975804150590306,-0.012176499352031986,-0.21484171310412026,0,0
85,CC1=C(C(C)=NN1)/N=N/C2=CC=C(NC(C)=O)C=C2,-0.1370252417052615,-2.233792734097107,1.0727676977320553,-0.04354786029380071,-0.0024736517522641055,0.2975804150590306,-0.012176499352031986,-0.21484171310412026,0,0
86,CC1=NOC(C)=C1/N=N/C2=CC=CC=C2,-1.7355315718369146,-0.42152085313109383,-0.9460361315821254,0.27315474906959003,-0.09638718973380653,-0.08284834178681705,-0.1542248624918265,-0.040541031767837084,0,0
87,CC1=NOC(C)=C1/N=N/C2=C(F)C=CC=C2,-1.5785004519463426,-0.2207304881930879,-0.8118769296705425,0.33877587699169126,-0.01383988892530286,0.003173253302648512,-0.14027057709301455,-0.021229416451155076,0,0
88,CC1=NOC(C)=C1/N=N/C2=CC(F)=CC=C2,-1.5785004519463426,-0.2207304881930879,-0.8118769296705425,0.33877587699169126,-0.01383988892530286,0.003173253302648512,-0.14027057709301455,-0.021229416451155076,0,0
89,CC1=NOC(C)=C1/N=N/C2=CC=C(F)C=C2,-1.5785004519463426,-0.2207304881930879,-0.8118769296705425,0.33877587699169126,-0.01383988892530286,0.003173253302648512,-0.14027057709301455,-0.021229416451155076,0,0
90,CC1=NOC(C)=C1/N=N/C2=C(Cl)C=CC=C2,-1.3691795083642404,0.2659930475478122,-0.5033092689456823,0.466141694300631,-0.15042076728948992,-0.06458099644789211,-0.12166965143745834,0.02558267879408074,0,0
91,CC1=NOC(C)=C1/N=N/C2=CC(Cl)=CC=C2,-1.3691795083642404,0.2659930475478122,-0.5033092689456823,0.466141694300631,-0.15042076728948992,-0.06458099644789211,-0.12166965143745834,0.02558267879408074,0,0
92,CC1=NOC(C)=C1/N=N/C2=CC=C(Cl)C=C2,-1.3691795083642406,0.26599304754781156,-0.5033092689456826,0.4661416943006308,-0.15042076728948947,-0.06458099644789181,-0.12166965143745835,0.025582678794080674,0,0
93,CC1=NOC(C)=C1/N=N/C2=C(Br)C=CC=C2,-1.0268424715384572,0.574404532247717,-0.28741980042752485,0.5856495361443648,0.17512012270630228,0.230638003199988,-0.09124849212980328,0.05524507795158122,0,0
94,CC1=NOC(C)=C1/N=N/C2=CC(Br)=CC=C2,-1.0268424715384572,0.574404532247717,-0.28741980042752485,0.5856495361443648,0.17512012270630228,0.230638003199988,-0.09124849212980328,0.05524507795158122,0,0
95,CC1=NOC(C)=C1/N=N/C2=CC=C(Br)C=C2,-1.0268424715384572,0.574404532247717,-0.28741980042752485,0.5856495361443648,0.17512012270630228,0.230638003199988,-0.09124849212980328,0.05524507795158122,0,0
96,CC1=NOC(C)=C1/N=N/C2=CC=C(I)C=C2,-0.7026251390484515,0.6924863419393708,-0.18600365292028312,0.6671450771529166,0.6793134852660245,0.655124909720727,-0.06243750745390101,0.06660195000750346,0,0
97,CC1=NOC(C)=C1/N=N/C2=CC(O)=CC=C2,-0.7853166046797248,-1.6391371221915276,-0.24198474209091203,0.5459578650540593,-0.006072935769215837,-0.22884512962283493,-0.06978573443126027,-0.15764892685378243,0,0
98,CC1=NOC(C)=C1/N=N/C2=CC(C(F)(F)F)=CC=C2,-1.0538744637845627,0.7265146443920407,-0.19996528800211363,0.6083471816063555,-0.0492353593560472,0.060386478809304395,-0.09365064104756869,0.06987472401261353,0,0
99,CC1=NOC(C)=C1/N=N/C2=CC=C(C(F)(F)F)C=C2,-1.0538744637845627,0.7265146443920407,-0.19996528800211363,0.6083471816063555,-0.0492353593560472,0.060386478809304395,-0.09365064104756869,0.06987472401261353,0,0
100,CC1=NOC(C)=C1/N=N/C2=C(OC)C=CC=C2,-0.8155225654423288,-0.38420251341199957,-1.1582927308768938,0.20789204452366708,0.08140456282079227,-0.1572333182355176,-0.07246993229930335,-0.03695182856510914,0,0
101,CC1=NOC(C)=C1/N=N/C2=CC(OC)=CC=C2,-0.8155225654423289,-0.38420251341200023,-1.1582927308768942,0.20789204452366689,0.08140456282079274,-0.15723331823551728,-0.07246993229930336,-0.03695182856510921,0,0
102,CC1=NOC(C)=C1/N=N/C2=CC=C(OC)C=C2,-0.8155225654423289,-0.38420251341200023,-1.1582927308768942,0.20789204452366689,0.08140456282079274,-0.15723331823551728,-0.07246993229930336,-0.03695182856510921,0,0
103,CC1=NOC(C)=C1/N=N/C2=C([N+]([O-])=O)C=CC=C2,0.15045531564437828,-0.806111183312224,-1.5239036192196032,0.7402119966877223,-0.3025478780161915,0.10843824840612222,0.013369938492020146,-0.07753015977339059,0,0
104,CC1=NOC(C)=C1/N=N/C2=CC=C([N+]([O-])=O)C=C2,0.15045531564437828,-0.806111183312224,-1.5239036192196032,0.7402119966877223,-0.3025478780161915,0.10843824840612222,0.013369938492020146,-0.07753015977339059,0,0
105,CC1=NOC(C)=C1/N=N/C2=CC=C(C)C=C2,-1.5774035760483889,-0.10718891164993392,-0.7445308971036234,0.35965501872009803,-0.1395014448137709,-0.0896035348419014,-0.14017310520758325,-0.010309214929891924,0,0
106,CC1=NOC(C)=C1/N=N/C2=CC(NC(C)=O)=CC=C2,-0.056187377092531965,-1.277469700777174,-0.0847022834301559,0.3197348512599799,-0.0037644050876074683,0.07147263367297244,-0.0049929892642059225,-0.12286447832166911,0,0
107,CC1=NOC(C)=C1/N=N/C2=CC=C(NC(C)=O)C=C2,-0.056187377092531965,-1.277469700777174,-0.0847022834301559,0.3197348512599799,-0.0037644050876074683,0.07147263367297244,-0.0049929892642059225,-0.12286447832166911,0,0
108,CC1=C(/N=N/C2=C3C=CC=CC3=CC=C2)C(C)=NO1,-1.1618345328386335,0.7416972629352772,-0.2014591730025711,0.591135238975423,-0.27847986527545016,-0.12634583481555123,-0.10324431659612088,0.07133495786844338,0,0
109,CC1=C(/N=N/C2=CC(Cl)=CC=C2Cl)C(C)=NO1,-1.002827444891566,0.9535069482267181,-0.06058240630923942,0.6591286395316716,-0.20445434484517241,-0.046313651108966576,-0.08911444038309015,0.09170638935599855,0,0
110,CC1=C(/N=N/C2=C(Cl)C=CC=C2Cl)C(C)=NO1,-1.002827444891566,0.9535069482267181,-0.06058240630923942,0.6591286395316716,-0.20445434484517241,-0.046313651108966576,-0.08911444038309015,0.09170638935599855,0,0
111,CC1=C(/N=N/C2=CC=C(F)C=C2F)C(C)=NO1,-1.421469332055771,-0.019940123255082574,-0.67771772775896,0.40439700491379243,0.0687074118832014,0.08919484839211458,-0.12631629169420266,-0.0019178011344731212,0,0
112,CC1=C(/N=N/C2=CC(F)=CC=C2F)C(C)=NO1,-1.4214693320557708,-0.01994012325508182,-0.6777177277589596,0.40439700491379255,0.06870741188320088,0.08919484839211424,-0.12631629169420264,-0.0019178011344730488,0,0
113,CC1=C(/N=N/C2=C(F)C=CC=C2F)C(C)=NO1,-1.4214693320557708,-0.01994012325508182,-0.6777177277589596,0.40439700491379255,0.06870741188320088,0.08919484839211424,-0.12631629169420264,-0.0019178011344730488,0,0
114,CC1=C(/N=N/C2=CC(F)=CC(F)=C2)C(C)=NO1,-1.4214693320557708,-0.01994012325508182,-0.6777177277589596,0.40439700491379255,0.06870741188320088,0.08919484839211424,-0.12631629169420264,-0.0019178011344730488,0,0
115,CC1=C(/N=N/C2=CC=CC(N)=C2)C(C)=NO1,-0.7182433039023707,-1.80062786513614,-0.33344829322356534,0.5713641026174027,-0.07083447968569793,-0.10542074915372682,-0.06382538732082901,-0.17318078320512886,0,0
116,CC1=C(/N=N/C2=CC=CC=C2C#N)C(C)=NO1,-0.8693996980900501,-0.7114636047061528,-1.2390990900275647,0.73691705824838,-0.16378795932636134,0.12028429940481457,-0.07725762588487964,-0.0684271451478621,0,0
117,CC1=C(/N=N/C2=CC=CN=C2)C(C)=NO1,-1.3124073159979117,-1.0978248662186514,-1.506517537702155,0.504760558906799,0.11288172360734677,-0.04794854925905769,-0.1166246936256051,-0.10558659778345554,0,0
118,CC1=CC=C(/N=N/C2=CC=CS2)C=C1,-2.3343330491382854,0.5252088151082707,-0.23715354331989316,-0.037943449019377816,-0.09663924742754186,-0.3556858225774483,-0.20743626872338336,0.05051353236711746,0,0
119,C1(/N=N/C2=CC=CC=C2)=CC=CC=C1,-2.8567076570770213,0.2044102708014855,-0.2820123006288905,-0.3750893381255117,-0.2208087955683845,0.014268215769726915,-0.2538561399524063,0.019659770615566508,0,0
120,BrC1=CC=CC=C1/N=N/C2=CC=CC=C2,-2.1480185567785632,1.2003356561802965,0.37660403052571007,-0.06259455105073691,0.05069851687172451,0.32775456075653214,-0.190879769590383,0.11544588033498482,0,0
121,FC(F)(F)C1=CC=CC=C1/N=N/C2=CC=CC=C2,-2.175050549024668,1.352445768324621,0.4640585429511214,-0.03989690558874584,-0.17365696519062582,0.15750303636584803,-0.19328191850814835,0.13007552639601722,0,0
122,CC1=CC=CC=C1/N=N/C2=CC=CC=C2,-2.698579661288495,0.5187422122826462,-0.08050706615038807,-0.2885890684750035,-0.2639230506483495,0.0075130227146420455,-0.23980438266816298,0.04989158745351174,0,0
123,NC1=CC=CC=C1/N=N/C2=CC=CC=C2,-1.839419389142477,-1.1746967412035598,0.3305755377296702,-0.07687998457769891,-0.19525608552027632,-0.008304191597183088,-0.16345666478140877,-0.11297998082172518,0,0
124,BrC1=CC(/N=N/C2=CC=CC=C2)=CC=C1,-2.1480185567785632,1.2003356561802971,0.3766040305257105,-0.06259455105073677,0.05069851687172403,0.32775456075653187,-0.190879769590383,0.11544588033498489,0,0
125,CC1=CC(/N=N/C2=CC=CC=C2)=CC=C1,-2.698579661288495,0.5187422122826462,-0.08050706615038807,-0.2885890684750035,-0.2639230506483495,0.0075130227146420455,-0.23980438266816298,0.04989158745351174,0,0
126,NC1=CC(/N=N/C2=CC=CC=C2)=CC=C1,-1.839419389142477,-1.1746967412035598,0.3305755377296702,-0.07687998457769891,-0.19525608552027632,-0.008304191597183088,-0.16345666478140877,-0.11297998082172518,0,0
127,O=[N+]([O-])C1=CC(/N=N/C2=CC=CC=C2)=CC=C1,-0.9707207695957278,-0.18018005937964446,-0.8598797882663687,0.09196790949262074,-0.4269694838507697,0.20555480596266637,-0.08626133896855959,-0.017329357389986984,0,0
128,BrC1=CC=C(/N=N/C2=CC=CC=C2)C=C1,-2.1480185567785632,1.2003356561802971,0.3766040305257105,-0.06259455105073677,0.05069851687172403,0.32775456075653187,-0.190879769590383,0.11544588033498489,0,0
129,FC(F)(F)C1=CC=C(/N=N/C2=CC=CC=C2)C=C1,-2.175050549024668,1.352445768324621,0.4640585429511214,-0.03989690558874584,-0.17365696519062582,0.15750303636584803,-0.19328191850814835,0.13007552639601722,0,0
130,ClC1=CC=C(/N=N/C2=CC=CC=C2)C=C1,-2.490355593604347,0.8919241714803916,0.1607145620075525,-0.1821023928944708,-0.27484237312406795,0.032535561108651745,-0.22130092889803812,0.08578348117748434,0,0
131,N#CC1=CC=C(/N=N/C2=CC=CC=C2)C=C1,-1.990575783330156,-0.08553248077357263,-0.5750752590743292,0.0886729710532786,-0.2882095651609398,0.21740085696135844,-0.17688890334545934,-0.00822634276445844,0,0
132,CC(C1=CC=C(/N=N/C2=CC=CC=C2)C=C1)=O,-1.683344477798057,0.3755106811441792,-0.39360928591931604,-0.31169375617120554,-0.20807658222136657,0.07561437523591019,-0.14958735111917418,0.03611586553867062,0,0
133,O=C(OC)C1=CC=C(/N=N/C2=CC=CC=C2)C=C1,-1.177153664677465,-0.03837803390198711,-0.7891397014221992,-0.04373498042522625,0.10819059515599967,0.10130357367538828,-0.10460562343701997,-0.003691122467726892,0,0
134,FC1=CC=C(/N=N/C2=CC=CC=C2)C=C1,-2.6996765371864493,0.40520063573949244,-0.1478530987173072,-0.30946821020341025,-0.1382614947598813,0.10028981085919221,-0.23990185455359433,0.038971385932248616,0,0
135,OC1=CC=C(/N=N/C2=CC=CC=C2)C=C1,-1.906492689919831,-1.0132059982589474,0.4220390888623232,-0.10228622214104222,-0.1304945416037945,-0.13172857206629143,-0.16941701189184,-0.09744812447037875,0,0
136,O=C1C=CC(N1C2=CC=C(/N=N/C3=CC=CC=C3)C=C2)=O,-0.7848889120395207,-0.24631832453027983,-0.8786685511685476,0.07212672265138362,0.38906566130996284,0.6788778141200257,-0.06974772830121077,-0.023690403323122933,0,0
137,CC1=CC=C(/N=N/C2=CC=CC=C2)C=C1,-2.698579661288495,0.5187422122826462,-0.08050706615038807,-0.2885890684750035,-0.2639230506483495,0.0075130227146420455,-0.23980438266816298,0.04989158745351174,0,0
138,CCN(CC)C1=CC=C(/N=N/C2=CC=CC=C2)C=C1,-1.1151257958070586,1.2620548501214157,-0.056058867413132984,-1.130312565697815,-0.07318845756997354,-0.24490348355766312,-0.09909362947365208,0.12138190884618646,0,0
139,NC1=CC=C(/N=N/C2=CC=CC=C2)C=C1,-1.839419389142477,-1.1746967412035598,0.3305755377296702,-0.07687998457769891,-0.19525608552027632,-0.008304191597183088,-0.16345666478140877,-0.11297998082172518,0,0
140,CC(NC1=CC=C(/N=N/C2=CC=CC=C2)C=C1)=O,-1.1773634623326383,-0.6515385768445938,0.5793215475230793,-0.32850923593512177,-0.12818601092218607,0.16858919122951627,-0.10462426672478567,-0.06266367593826543,0,0
141,CNC1=CC=C(/N=N/C2=CC=CC=C2)C=C1,-1.6522312610464083,-0.5531138813881842,0.5983962333378902,-0.5234663348928548,-0.056667949243053024,-0.32766836126812116,-0.14682253159467387,-0.053197385775873345,0,0
142,CN(C)C1=CC=C(/N=N/C2=CC=CC=C2)C=C1,-1.9304172017052046,0.4141034805415203,-0.3891546360641561,-0.45166752459238924,0.16671130919451213,-0.07019924201655338,-0.17154302019970272,0.03982764372177934,0,0
143,O=[N+]([O-])C1=CC=C(/N=N/C2=CC=CC=C2)C=C1,-0.9707207695957278,-0.18018005937964446,-0.8598797882663687,0.09196790949262074,-0.4269694838507697,0.20555480596266637,-0.08626133896855959,-0.017329357389986984,0,0
144,C1(NC2=CC=CC=C2)=CC=C(/N=N/C3=CC=CC=C3)C=C1,-0.6573183032094769,1.1490700988860707,1.578936381562914,-0.5213573861555326,-0.46149136128467916,-0.5323872613711902,-0.058411397735937204,0.11051526166826205,0,0
145,FC(F)(F)C1=C(/N=N/C2=C(C(F)(F)F)C=CC=C2)C=CC=C1,-1.4933934409723166,2.500481265847756,1.2101293865311333,0.2952955269480196,-0.12650513481286624,0.30073785696196975,-0.1327076970638906,0.2404912821764679,0,0
146,ClC1=C(/N=N/C2=C(Cl)C=CC=C2)C=CC=C1,-2.124003530131673,1.5794380721592982,0.6034414246439956,0.010884552336570034,-0.3288759506797513,0.050802906447576866,-0.18874571784366995,0.1519071917394022,0,0
147,CC1=CC=CC=C1/N=N/C2=CC=CC=C2C,-2.54045166549997,0.8330741537638072,0.12099816832811455,-0.20208879882449532,-0.30703730572831434,0.0007578296595575299,-0.22575262538391977,0.080123404291457,0,0
148,CC(C=CC=C1C)=C1/N=N/C2=CC=CC=C2,-2.54045166549997,0.8330741537638072,0.12099816832811455,-0.20208879882449532,-0.30703730572831434,0.0007578296595575299,-0.22575262538391977,0.080123404291457,0,0
149,BrC1=CC=CC(/N=N/C2=CC=CC(Br)=C2)=C1,-1.439329456480105,2.196261041559108,1.0352203616803102,0.249900236024038,0.3222058293118338,0.6412409057433373,-0.12790339922835972,0.21123199005440318,0,0
150,ClC1=CC=CC(/N=N/C2=CC=CC(Cl)=C2)=C1,-2.124003530131673,1.5794380721592982,0.6034414246439956,0.010884552336570034,-0.3288759506797513,0.050802906447576866,-0.18874571784366995,0.1519071917394022,0,0
151,FC1=CC=CC(/N=N/C2=CC=CC(F)=C2)=C1,-2.5426454172958772,0.6059910006774978,-0.013693896805724654,-0.24384708228130908,-0.05571419395137702,0.1863114059486583,-0.2259475691547824,0.05828300124893057,0,0
152,CC1=CC=CC(/N=N/C2=CC=CC(C)=C2)=C1,-2.54045166549997,0.8330741537638072,0.12099816832811455,-0.20208879882449532,-0.30703730572831434,0.0007578296595575299,-0.22575262538391977,0.080123404291457,0,0
153,BrC1=CC=C(/N=N/C2=CC=C(Br)C=C2)C=C1,-1.439329456480105,2.196261041559108,1.0352203616803102,0.249900236024038,0.3222058293118338,0.6412409057433373,-0.12790339922835972,0.21123199005440318,0,0
154,ClC1=CC=C(/N=N/C2=CC=C(Cl)C=C2)C=C1,-2.124003530131673,1.5794380721592982,0.6034414246439956,0.010884552336570034,-0.3288759506797513,0.050802906447576866,-0.18874571784366995,0.1519071917394022,0,0
155,FC(F)(F)C1=CC=C(/N=N/C2=CC=C(C(F)(F)F)C=C2)C=C1,-1.4933934409723166,2.5004812658477564,1.2101293865311338,0.2952955269480197,-0.12650513481286665,0.3007378569619695,-0.1327076970638906,0.24049128217646792,0,0
156,FC1=CC=C(/N=N/C2=CC=C(F)C=C2)C=C1,-2.5426454172958772,0.6059910006774978,-0.013693896805724654,-0.24384708228130908,-0.05571419395137702,0.1863114059486583,-0.2259475691547824,0.05828300124893057,0,0
157,CC1=CC=C(/N=N/C2=CC=C(C)C=C2)C=C1,-2.54045166549997,0.8330741537638072,0.12099816832811455,-0.20208879882449532,-0.30703730572831434,0.0007578296595575299,-0.22575262538391977,0.080123404291457,0,0
158,CC1=C(/N=N/C2=CC=CC=C2)C(C)=CC(C)=C1,-2.382323669711444,1.1474060952449672,0.3225034028066166,-0.1155885291739873,-0.35015156080827875,-0.005997363395526968,-0.21170086809967653,0.11035522112940217,0,0
159,CC1=C(/N=N/C2=CC=CC(C)=C2C)C=CC=C1C,-2.2241956739229183,1.4617380367261272,0.5240086372851186,-0.029088259523479414,-0.39326581588824305,-0.01275255645061121,-0.19764911081543327,0.14058703796734734,0,0
160,CC1=C(/N=N/C2=CC=C(C)C=C2C)C=CC(C)=C1,-2.2241956739229183,1.461738036726128,0.524008637285119,-0.029088259523479282,-0.39326581588824344,-0.01275255645061149,-0.19764911081543327,0.14058703796734742,0,0
161,CC1=C(/N=N/C2=CC(C)=CC=C2C)C=C(C)C=C1,-2.2241956739229183,1.461738036726128,0.524008637285119,-0.029088259523479282,-0.39326581588824344,-0.01275255645061149,-0.19764911081543327,0.14058703796734742,0,0
162,CC1=CC(/N=N/C2=CC(C)=C(C)C=C2)=CC=C1C,-2.2241956739229183,1.461738036726128,0.524008637285119,-0.029088259523479282,-0.39326581588824344,-0.01275255645061149,-0.19764911081543327,0.14058703796734742,0,0
163,CC1=C(Cl)C=CC=C1/N=N/C2=C(C)C(Cl)=CC=C2,-1.8077475385546207,2.208101955121619,1.0064518936010003,0.1838850916375863,-0.41510446083968033,0.037292520337407715,-0.1606422032751834,0.21237082541529265,0,0
164,CC1=CC(Cl)=CC=C1/N=N/C2=C(C)C=C(Cl)C=C2,-1.8077475385546207,2.208101955121619,1.0064518936010003,0.1838850916375863,-0.41510446083968033,0.037292520337407715,-0.1606422032751834,0.21237082541529265,0,0
165,BrC1=CC(Br)=CC(Br)=C1/N=N/C2=C(Br)C=C(Br)C=C2Br,1.3954269447137282,6.179962583074349,3.6696856862987106,1.4998793843231368,1.4082350790722737,1.895186285690562,0.12400208221973344,0.5943764289320762,1,1
166,CC1=CC(C)=CC(C)=C1/N=N/C2=C(C)C=C(C)C=C2C,-1.9079396823458659,2.090401919688449,0.9270191062421237,0.14391227977753707,-0.47949432604817266,-0.026262942560780527,-0.16954559624694668,0.20105067164323784,0,0
167,CCN(CC)C(C=C1)=CC=C1/N=N/C2=C(C#N)C=CC=C2,-0.24899392206019358,0.972112098546357,-0.34912182585857227,-0.6665502565190251,-0.1405892271625283,-0.041770842366031354,-0.022126392866705168,0.09349579546616146,0,0
168,CN(C)C(C=C1)=CC=C1/N=N/C2=C(C(O)=O)C=CC=C2,-0.2568508444440759,-0.7968559817812411,0.25806251785689405,-0.41075224514927744,0.11177557258424999,0.20159599993828753,-0.02282458401109368,-0.07664001301908846,0,0
169,NC1=C(/N=N/C2=CC=CC=C2)C=CC(N)=C1,-0.8221311212079331,-2.5538037532086055,0.9431633760882295,0.22132936897011385,-0.1697033754721676,-0.030876598964092845,-0.07305718961041129,-0.2456197322590169,0,0
170,O=[N+]([O-])C1=C(/N=N/C2=C([N+]([O-])=O)C=CC=C2)C=CC=C1,0.9152661178855652,-0.5647703895607742,-1.4377472759038463,0.5590251571107532,-0.6331301721331548,0.39684139615560593,0.08133346201528707,-0.054318485395540454,1,1
171,OC(C=C(O)C=C1)=C1/N=N/C2=CC=CC=C2,-0.9562777227626411,-2.230822267319382,1.1260904783535362,0.17051689384342708,-0.040180287639203206,-0.2777253599023089,-0.08497788383127378,-0.21455601955632417,0,0
172,OC(C=CC(C)=C1)=C1/N=N/C2=CC=CC=C2,-1.7483646941313056,-0.6988740567777875,0.6235443233408253,-0.0157859524905342,-0.17360879668375878,-0.13848376512137567,-0.1553652546075968,-0.0672163076324336,0,0
173,CCN(CC)C1=CC=C(/N=N/C2=CC(C#N)=CC=C2)C=C1,-0.24899392206019358,0.972112098546357,-0.34912182585857227,-0.6665502565190251,-0.1405892271625283,-0.041770842366031354,-0.022126392866705168,0.09349579546616146,0,0
174,O=[N+]([O-])C1=CC=CC(/N=N/C2=CC([N+]([O-])=O)=CC=C2)=C1,0.9152661178855652,-0.5647703895607742,-1.4377472759038463,0.5590251571107532,-0.6331301721331548,0.39684139615560593,0.08133346201528707,-0.054318485395540454,1,1
175,BrC(C=C1)=CC=C1/N=N/C2=CC=C(N(C)C)C=C2,-1.2217281014067456,1.4100288659203326,0.2694616950904449,-0.13917273751761433,0.4382186216346207,0.24328710297025163,-0.10856664983767937,0.13561375344119778,0,0
176,ClC(C=C1)=CC=C1/N=N/C2=CC=C(N(C)C)C=C2,-1.5640651382325295,1.1016173812204269,0.053572226572287114,-0.2586805793613484,0.11267773163882917,-0.051931896677628174,-0.13898780914533448,0.10595135428369722,0,0
177,CN(C)C1=CC=C(/N=N/C2=CC=C(C(F)(F)F)C=C2)C=C1,-1.2487600936528518,1.562138978064656,0.35691620751585607,-0.1164750920556235,0.21386313957227138,0.07303557857956808,-0.11096879875544484,0.15024339950223006,0,0
178,CCN(CC)C1=CC=C(/N=N/C2=CC=C(C#N)C=C2)C=C1,-0.24899392206019358,0.972112098546357,-0.34912182585857227,-0.6665502565190251,-0.1405892271625283,-0.041770842366031354,-0.022126392866705168,0.09349579546616146,0,0
179,CN(C)C1=CC=C(/N=N/C2=CC=C(C(OC)=O)C=C2)C=C1,-0.250863209305648,0.17131517583804792,-0.8962820368574648,-0.12031316689210371,0.49571069991889655,0.01683611588910794,-0.022292503684316397,0.01647675063848596,0,0
180,FC(C=C1)=CC=C1/N=N/C2=CC=C(N(C)C)C=C2,-1.773386081814632,0.6148938454795271,-0.2549954341525728,-0.38604639667028795,0.24925861000301555,0.015822353072912014,-0.15758873480089075,0.059139259038461435,0,0
181,CC(C=C1)=CC=C1/N=N/C2=CC=C(N(C)C)C=C2,-1.7722892059166782,0.728435422022682,-0.18764940158565308,-0.36516725494188096,0.1235970541145469,-0.07695443507163845,-0.15749126291545942,0.07005946055972467,0,0
182,CC(C=C1)=CC=C1/N=N/C2=CC=C(N(CC)CC)C=C2,-0.9569978000185327,1.5763867916025769,0.14544636706536956,-1.0438122960473066,-0.1163027126499384,-0.25165867661274777,-0.08504187218940881,0.15161372568413176,0,0
183,CCN(CC)C1=CC=C(/N=N/C2=CC=C(N(CC)CC)C=C2)C=C1,0.6264560654629039,2.3196994294413456,0.16989456580262408,-1.885535793270119,0.07443188042843815,-0.5040751828850529,0.0556688810051021,0.2231040470768064,1,1
184,NC1=CC=C(/N=N/C2=CC=C(N(CC)CC)C=C2)C=C1,-0.09783752787251448,-0.11705216188363024,0.5565289709454271,-0.8321032121500028,-0.047635747521864794,-0.267475890924573,-0.008694154302654586,-0.011257842591105283,0,0
185,CN(C)C1=CC=C(/N=N/C2=CC=C(N(CC)CC)C=C2)C=C1,-0.18883534043524158,1.4717480598614499,-0.16320120284839915,-1.2068907521646928,0.31433164719292395,-0.32937094134394335,-0.0167805097209485,0.14154978195239923,0,0
186,CCN(CC)C(C=C1)=CC=C1/N=N/C2=CC=C([N+]([O-])=O)C=C2,0.7708610916742347,0.877464519940286,-0.6339263550506111,-0.6632553180796827,-0.2793491458523584,-0.05361689336472367,0.0685011715101946,0.084392780840633,1,1
187,O=[N+]([O-])C1=CC=C(/N=N/C2=CC=C(NCCC#N)C=C2)C=C1,1.7463912878693768,-0.7410549270203941,-0.16982863571933154,-0.368328320119666,-0.4950221141930529,-0.07922774404122626,0.15518989144260156,-0.07127317928610881,1,1
188,OCCNC(C=C1)=CC=C1/N=N/C2=CC=C([N+]([O-])=O)C=C2,1.6953415713546933,-2.26489811819717,0.461109006393263,-0.6928560845890693,0.06826802385764384,-0.14983637669087516,0.15065345105886901,-0.21783336667376996,1,1
189,NC1=CC=C(/N=N/C2=CC=C(N(C)C)C=C2)C=C1,-0.9131289337706601,-0.9650035314635249,0.22343320229440428,-0.15345817104457643,0.1922640192426205,-0.09277164938346362,-0.0811435450287052,-0.09281210771551233,0,0
190,NC1=CC=C(/N=N/C2=CC=C([N+]([O-])=O)C=C2)C=C1,0.04656749833881632,-1.5592870713846898,-0.2472919499078082,0.39017726304043354,-0.40141677380266166,0.18298239859575627,0.004138136202437909,-0.14996910882727868,0,0
191,CN(C)C(C=C1)=CC=C1/N=N/C2=CC=C(N(C)C)C=C2,-1.0041267463333874,0.6237966902815553,-0.49629697149942176,-0.5282457110592669,0.5542314139574094,-0.15466669980283376,-0.08922990044699913,0.05999551682799219,0,0
192,CN(C)C(C=C1)=CC=C1/N=N/C2=CC=CC=C2[N+]([O-])=O,-0.044430314223910965,0.029513150360390504,-0.9670221237016341,0.01538972302574318,-0.039449379087872674,0.12108734817638597,-0.003948219215856022,0.0028385157162258636,0,0
193,CN(C)C(C=C1)=CC=C1/N=N/C2=CC=CC([N+]([O-])=O)=C2,-0.044430314223910965,0.029513150360390504,-0.9670221237016341,0.01538972302574318,-0.039449379087872674,0.12108734817638597,-0.003948219215856022,0.0028385157162258636,0,0
194,CN(C)C(C=C1)=CC=C1/N=N/C2=CC=C([N+]([O-])=O)C=C2,-0.04443031422391081,0.02951315036039118,-0.9670221237016337,0.015389723025743332,-0.03944937908787313,0.12108734817638565,-0.003948219215856008,0.0028385157162259286,0,0
195,O=[N+]([O-])C(C=C1)=CC=C1/N=N/C2=CC=C(NC3=CC=CC=C3)C=C2,1.2286685842718155,0.7644797687049405,1.0010688939254357,-0.054300138537400164,-0.6676520495670648,-0.34110067117825094,0.10918340324790939,0.07352613366270853,1,1
196,O=[N+]([O-])C1=CC=C(/N=N/C2=CC=C(C=C2)[N+]([O-])=O)C=C1,0.9152661178855652,-0.5647703895607742,-1.4377472759038463,0.5590251571107532,-0.6331301721331548,0.39684139615560593,0.08133346201528707,-0.054318485395540454,1,1
197,OC1=CC=C(/N=N/C2=CC=C(C=C2)[N+]([O-])=O)C=C1,-0.020505802438537626,-1.3977963284400774,-0.15582839877515475,0.3647710254770903,-0.33665522988617974,0.05955801812664809,-0.0018222109079933245,-0.13443725247593225,0,0
198,OC1=CC=C(/N=N/C2=CC=C(C=C2)O)C=C1,-0.9562777227626411,-2.230822267319382,1.1260904783535362,0.17051689384342708,-0.040180287639203206,-0.2777253599023089,-0.08497788383127378,-0.21455601955632417,0,0
199,CC1=C(/N=N/C2=C(C)C=C(C=C2)N(C)C)C=CC=C1,-1.6141612101281524,1.0427673635038412,0.01385583289284854,-0.2786669852913731,0.08048279903458307,-0.08370962812672239,-0.14343950563121616,0.10029127739766977,0,0
200,OC1=C(/N=N/C2=CC(C)=CC(C)=C2)C=CC=C1,-1.5902366983427794,-0.3845421152966268,0.8250495578193277,0.07071431715997398,-0.21672305176372358,-0.14523895817646038,-0.1413134973233535,-0.03698449079448836,0,0
201,OC1=C(/N=N/C2=CC=C(NC(C)=O)C=C2)C=C(C)C=C1,-0.06902049938692238,-1.5548229044238675,1.484878171492794,0.030794149699855927,-0.08098601203755992,0.015837210338414003,-0.006133381379976165,-0.1495397541862656,0,0
202,OC1=C(C(O)=O)C=C(/N=N/C2=CC=C([N+]([O-])=O)C=C2)C=C1,1.6530605548225912,-2.608755790762839,0.491388755145895,0.4056863049202024,-0.391590966496442,0.3313532600814897,0.14689622528061574,-0.2509049092168001,1,1
203,OC(C=C1)=CC=C1/N=N/C2=CC(C)=CC(C)=C2,-1.5902366983427794,-0.3845421152966268,0.8250495578193277,0.07071431715997398,-0.21672305176372358,-0.14523895817646038,-0.1413134973233535,-0.03698449079448836,0,0
204,CCN(CC)C(C=C1)=CC=C1/N=N/C2=C(C#N)C=C(C#N)C=C2,0.617137951686672,0.6821693469712992,-0.6421847843040105,-0.20278794734023461,-0.20798999675508273,0.16136179882560056,0.054840843740241785,0.06560968208613654,1,1
205,CCN(CC)C(C=C1)=CC=C1/N=N/C2=C(C#N)C=CC(C#N)=C2,0.617137951686672,0.6821693469712992,-0.6421847843040105,-0.20278794734023461,-0.20798999675508273,0.16136179882560056,0.054840843740241785,0.06560968208613654,1,1
206,CCN(CC)C(C=C1)=CC=C1/N=N/C2=C(C#N)C=CC=C2C#N,0.617137951686672,0.6821693469712992,-0.6421847843040105,-0.20278794734023461,-0.20798999675508273,0.16136179882560056,0.054840843740241785,0.06560968208613654,1,1
207,CCN(CC)C(C=C1)=CC=C1/N=N/C2=CC(C#N)=C(C#N)C=C2,0.617137951686672,0.6821693469712992,-0.6421847843040105,-0.20278794734023461,-0.20798999675508273,0.16136179882560056,0.054840843740241785,0.06560968208613654,1,1
208,CCN(CC)C(C=C1)=CC=C1/N=N/C2=CC(C#N)=CC(C#N)=C2,0.617137951686672,0.6821693469712992,-0.6421847843040105,-0.20278794734023461,-0.20798999675508273,0.16136179882560056,0.054840843740241785,0.06560968208613654,1,1
209,OC1=C(/N=N/C2=CC=C([N+]([O-])=O)C=C2)C=CC(O)=C1,0.9297091647186521,-2.615412597500512,0.5482229907160581,0.6375741414615598,-0.24634097592158857,-0.08643876970936931,0.08261691715257288,-0.2515451475618777,1,1
210,CC1=C(/N=N/C2=CC=C(N(C)C)C=C2C)C=CC(Cl)=C1,-1.2478091466554782,1.7302812641827474,0.4565826955292914,-0.08568004006033235,0.026449221478899443,-0.0654422827877975,-0.110884294576848,0.1664149879595876,0,0
211,CC1=C(/N=N/C2=CC=C(N(C)C)C=C2C)C=CC([N+]([O-])=O)=C1,0.27182567735314067,0.6581770333227115,-0.5640116547446297,0.1883902623267594,-0.1256778892478019,0.10757696206621703,0.02415529535263049,0.0633021493921163,1,1
212,CC1=C(/N=N/C2=CC=C(N(C)C)C=C2C)C=C([N+]([O-])=O)C=C1,0.27182567735314084,0.6581770333227122,-0.5640116547446292,0.18839026232675954,-0.1256778892478024,0.10757696206621671,0.024155295352630505,0.06330214939211636,1,1
213,CC1=C(/N=N/C2=CC=C(N(C)C)C=C2C)C=CC(C)=C1,-1.4560332143396268,1.357099304985002,0.215361067371351,-0.19216671564086496,0.03736854395461819,-0.09046482118180704,-0.12938774834697292,0.130523094235615,0,0
214,CC1=CC(N(CC)CC)=CC=C1/N=N/C2=C(C#N)C=C(C#N)C=C2C#N,1.6413978212220623,0.7065585368774014,-0.7337425082709471,0.3474746314890636,-0.31850502142760234,0.3577392469621477,0.1458598376314319,0.06795538554405679,1,1
215,OC1=C([N+]([O-])=O)C=C([N+]([O-])=O)C=C1/N=N/C2=C(O)C=CC(C)=C2,2.973824047988471,-2.6856709862004813,0.17186073755708203,1.1911316587301999,-0.4956159192839375,0.09809262742848505,0.2642634754206628,-0.25830245872948593,1,1
216,OC(C([N+]([O-])=O)=CC([N+]([O-])=O)=C1)=C1/N=N/C2=CC(C)=CC(NC(C)=O)=C2O,4.653168242732855,-3.54161983384656,1.0331945857090519,1.23771176092059,-0.40299313463773834,0.2524136028882742,0.4134953486482835,-0.3406259052833178,1,1
217,OC(C([N+]([O-])=O)=CC([N+]([O-])=O)=C1)=C1/N=N/C2=CC(Cl)=C(N)C=C2N,4.266409684384518,-3.8530867819523924,0.93420665294093,1.6212339254218895,-0.5457440756280302,0.22396713892469358,0.3791267514722165,-0.37058217279415134,1,1
218,CC1=C([N+]([O-])=O)C(C)=CC(/N=N/C2=CC(C)=C(N(C)C)C(C)=C2)=C1,0.5880816689301926,1.286840916285033,-0.16100118578762448,0.3613908016277757,-0.2119063994077315,0.09406657595604775,0.05225880992111703,0.12376578306800677,1,1
219,[H]C1=C(N2CCOCC2)C=CC(/N=N/C3=CC=C(N4CCOCC4)C([H])=C3)=C1,0.45720531206270937,0.35376681125334025,-0.9134568469803575,0.19231188956105355,1.4411284811039309,0.15622796654511842,0.04062872005766653,0.03402458366387791,1,1
220,[H]C5=C(N6CCCCC6)C=CC(/N=N/C7=CC=C(N8CCCCC8)C([H])=C7)=C5,-0.0853129807647829,2.487882472308111,0.6968526001455305,-0.0187758725915798,0.26134275070590673,-0.22525927392884368,-0.007581183160667308,0.23927955543665624,0,0
221,[H]C9=C(N%10CCCC%10)C=CC(/N=N/C%11=CC=C(N%12CCCC%12)C([H])=C%11)=C9,-0.43079616131224274,1.7302760792250067,0.2146436317003514,-0.22066527963190152,0.4352910420172549,-0.1515090396837474,-0.03828191881872061,0.1664144892807324,0,0
222,CC%13=C(N%14CCCC%14)C=CC(/N=N/C%15=CC=C(N%16CCCC%16)C(C)=C%15)=C%13,-0.11454016973519117,2.358939962187328,0.617654100657356,-0.047664740330885455,0.349062531857326,-0.16501942579391643,-0.010178404250234103,0.22687812295662285,0,0
223,COC%17=CC(/N=N/C%18=CC(OC)=C(N%19CCCC%19)C=C%18)=CC=C%17N%20CCCC%20,1.4092218514769295,1.8049127586631941,-0.2098695668891858,-0.35119068872374737,0.7908745471264538,-0.30027899258114776,0.12522794156632572,0.1735928956861882,1,1
224,CCN(CC)C(C=C%21)=CC=C%21/N=N/C%22=CC=C(N%23CCOCC%23)C([H])=C%22,0.5418306887628063,1.3367331203473425,-0.3717811405888668,-0.8466119518545324,0.7577801807661841,-0.17392360816996746,0.04814880053138428,0.1285643153703421,1,1
225,CCN(CC)C(C=C%24)=CC=C%24/N=N/C%25=CC=C(N%26CCCCC%26)C([H])=C%25,0.27057154234906033,2.4037909508747273,0.433373582974077,-0.9521558329308494,0.1678873155671727,-0.36466722840694804,0.024043848922217382,0.23119180125673122,1,1
226,CCN(CC)C(C=C%27)=CC=C%27/N=N/C%28=CC=C(N%29CCOCC%29)C(C)=C%28,0.6999586845513326,1.6510650618285032,-0.1702759061103643,-0.7601116822040244,0.7146659256862192,-0.18067880122505214,0.06220055781562758,0.15879613220828734,1,1
227,CCN(CC)C(C=C%30)=CC=C%30/N=N/C%31=CC=C(N%32CCOCC%32)C(OC)=C%31,1.4618396951573924,1.3740514600664362,-0.5840377398836356,-0.9118746564004561,0.9355719333207834,-0.24830858461866792,0.12990373072390746,0.13215351857307,1,1
228,[H]C1=CC([N+]([O-])=O)=CC([H])=C1/N=N/C2=CC([H])=C(C=C2OC)N(CC)CC,1.6908700980688212,0.9147828596593798,-0.8461829543453797,-0.7285180226256059,-0.10155739329775884,-0.12800186981342357,0.1502561017027178,0.0879819840433609,1,1
229,NC1=C(OC)C=C(/N=N/C2=C([H])C=C([N+]([O-])=O)C=C2[H])C([H])=C1,0.9665765047334021,-1.5219687316655954,-0.4595485492025766,0.32491455849451056,-0.22362502124806252,0.10859742214705542,0.08589306639496104,-0.14637990562455072,1,1
230,[H]C1=CC([N+]([O-])=O)=CC([H])=C1/N=N/C2=CC([H])=C(C=C2[H])N(CC)CC,0.7708610916742347,0.877464519940286,-0.6339263550506111,-0.6632553180796827,-0.2793491458523584,-0.05361689336472367,0.0685011715101946,0.084392780840633,1,1
231,[H]C1=CC([N+]([O-])=O)=CC(Cl)=C1/N=N/C2=CC([H])=C(C=C2[H])N(CC)CC,1.1372131551469093,1.5649784206191921,-0.1911994924141679,-0.470268372848642,-0.3333827234080414,-0.03534954802579843,0.1010563825645628,0.15051649140255083,1,1
232,[H]C1=CC([N+]([O-])=O)=CC([N+]([O-])=O)=C1/N=N/C2=CC([H])=C(C=C2[H])N(CC)CC,2.6568479791555286,0.49287418975915637,-1.2117938426880894,-0.19619807046155,-0.4855098341347432,0.1376696968282163,0.23609597249404132,0.04740365283507954,1,1
233,[H]C1=CC([N+]([O-])=O)=CC(C#N)=C1/N=N/C2=CC([H])=C(C=C2[H])N(CC)CC,1.6369929654211006,0.5875217683652271,-0.9269893134960497,-0.1994930089008923,-0.34674991544491296,0.14951574782690874,0.1454684081171416,0.05650666746060797,1,1
234,BrC1=CC([N+]([O-])=O)=CC([N+]([O-])=O)=C1/N=N/C2=CC([H])=C(C=C2[H])N(CC)CC,3.3655370794539863,1.4887995751379675,-0.5531775115334885,0.11629671661322476,-0.21400252169463407,0.45115604181502167,0.29907234285606454,0.14318976255449786,1,1
235,ClC1=CC([N+]([O-])=O)=CC(C#N)=C1/N=N/C2=CC([H])=C(C=C2[H])N(CC)CC,2.003345028893775,1.2750356690441331,-0.4842624508596067,-0.006506063669851643,-0.4007834930005963,0.1677830931658336,0.17802361917150974,0.1226303780225258,1,1
236,[H]C1=C(C=C([H])C(/N=N/C2=C(C#N)C=C([N+]([O-])=O)C=C2C#N)=C1)N(CC)CC,2.5031248391679655,0.2975790167901691,-1.2200522719414886,0.2642693002778979,-0.4141506850374678,0.35264838901853984,0.22243564472408847,0.02862055408058304,1,1
237,[H]C1=CC([N+]([O-])=O)=CC([H])=C1/N=N/C2=CC([H])=C(C=C2OC)N(CC)CC,1.6908700980688212,0.9147828596593798,-0.8461829543453797,-0.7285180226256059,-0.10155739329775884,-0.12800186981342357,0.1502561017027178,0.0879819840433609,1,1
238,[H]C3=CC([N+]([O-])=O)=CC(Cl)=C3/N=N/C4=CC([H])=C(C=C4OC)N(CC)CC,2.057222161541495,1.602296760338286,-0.4034560917089365,-0.5355310773945648,-0.15559097085344184,-0.1097345244744983,0.18281131275708593,0.15410569460527873,1,1
239,[H]C5=CC([N+]([O-])=O)=CC([N+]([O-])=O)=C5/N=N/C6=CC([H])=C(C=C6OC)N(CC)CC,3.5768569855501138,0.53019252947825,-1.424050441982858,-0.26146077500747306,-0.30771808158014374,0.06328472037951574,0.3178509026865644,0.05099285603780742,1,1
240,[H]C7=CC([N+]([O-])=O)=CC(C#N)=C7/N=N/C8=CC([H])=C(C=C8OC)N(CC)CC,2.5570019718156862,0.6248401080843213,-1.139245912790818,-0.2647557134468153,-0.16895816289031407,0.07513077137820799,0.2272233383096647,0.06009587066333592,1,1
241,BrC9=CC([N+]([O-])=O)=CC([N+]([O-])=O)=C9/N=N/C%10=CC([H])=C(C=C%10OC)N(CC)CC,4.285546085848573,1.5261179148570614,-0.7654341108282571,0.051034012067301904,-0.036210769140035154,0.37677106536632093,0.38082727304858777,0.14677896575722577,1,1
242,ClC%11=CC([N+]([O-])=O)=CC(C#N)=C%11/N=N/C%12=CC([H])=C(C=C%12OC)N(CC)CC,2.92335403528836,1.3123540087632275,-0.6965190501543752,-0.07176876821577448,-0.2229917404459976,0.09339811671713281,0.25977854936403283,0.12621958122525376,1,1
243,[H]C%13=C(C=C(OC)C(/N=N/C%14=C(C#N)C=C([N+]([O-])=O)C=C%14C#N)=C%13)N(CC)CC,3.4231338455625506,0.33489735650926333,-1.4323088712362568,0.1990065957319749,-0.23635893248286863,0.278263412569839,0.30419057491661156,0.03220975728331098,1,1
244,[H]C1=CC([N+]([O-])=O)=CC([H])=C1/N=N/C2=CC(OC)=C(C=C2)N(CC)CC,1.6908700980688212,0.9147828596593798,-0.8461829543453797,-0.7285180226256059,-0.10155739329775884,-0.12800186981342357,0.1502561017027178,0.0879819840433609,1,1
245,[H]C3=CC([N+]([O-])=O)=CC(Cl)=C3/N=N/C4=CC(OC)=C(C=C4)N(CC)CC,2.057222161541495,1.602296760338286,-0.4034560917089365,-0.5355310773945648,-0.15559097085344184,-0.1097345244744983,0.18281131275708593,0.15410569460527873,1,1
246,[H]C5=CC([N+]([O-])=O)=CC([N+]([O-])=O)=C5/N=N/C6=CC(OC)=C(C=C6)N(CC)CC,3.5768569855501156,0.5301925294782501,-1.424050441982858,-0.26146077500747283,-0.3077180815801433,0.06328472037951627,0.3178509026865646,0.050992856037807434,1,1
247,[H]C7=CC([N+]([O-])=O)=CC(C#N)=C7/N=N/C8=CC(OC)=C(C=C8)N(CC)CC,2.5570019718156862,0.6248401080843213,-1.139245912790818,-0.2647557134468153,-0.16895816289031407,0.07513077137820799,0.2272233383096647,0.06009587066333592,1,1
248,BrC9=CC([N+]([O-])=O)=CC([N+]([O-])=O)=C9/N=N/C%10=CC(OC)=C(C=C%10)N(CC)CC,4.285546085848573,1.5261179148570614,-0.7654341108282571,0.051034012067301904,-0.036210769140035154,0.37677106536632093,0.38082727304858777,0.14677896575722577,1,1
249,ClC%11=CC([N+]([O-])=O)=CC(C#N)=C%11/N=N/C%12=CC(OC)=C(C=C%12)N(CC)CC,2.92335403528836,1.3123540087632275,-0.6965190501543752,-0.07176876821577448,-0.2229917404459976,0.09339811671713281,0.25977854936403283,0.12621958122525376,1,1
250,CCN(C%13=C(OC)C=C(/N=N/C%14=C(C#N)C=C([N+]([O-])=O)C=C%14C#N)C=C%13)CC,3.4231338455625515,0.33489735650926256,-1.4323088712362575,0.19900659573197485,-0.23635893248286838,0.27826341256983955,0.30419057491661167,0.0322097572833109,1,1
251,CC(C=C(N(CCC#N)CCO)C=C1)=C1/N=N/C2=CC=CC=C2,1.2019324004376213,-0.4021092000562558,0.06257347768745367,-1.3135334851011722,0.22250023883001546,-0.03325501365337622,0.10680754080766548,-0.03867405783730062,1,1
252,CC(C=C(N(CCC#N)CCO)C=C1)=C1/N=N/C2=CC=CC=C2[N+]([O-])=O,3.0879192879189143,-0.7866995302373855,-0.5152940099500244,-0.8464762374830399,0.016339550547630168,0.1580315765395633,0.2744023417915121,-0.07566318584285409,1,1
253,CC(C=C(N(CCC#N)CCO)C=C1)=C1/N=N/C2=CC=CC([N+]([O-])=O)=C2,3.0879192879189143,-0.7866995302373855,-0.5152940099500244,-0.8464762374830399,0.016339550547630168,0.1580315765395633,0.2744023417915121,-0.07566318584285409,1,1
254,CC(C=C(N(CCC#N)CCO)C=C1)=C1/N=N/C2=CC=C([N+]([O-])=O)C=C2,3.0879192879189143,-0.7866995302373855,-0.5152940099500244,-0.8464762374830399,0.016339550547630168,0.1580315765395633,0.2744023417915121,-0.07566318584285409,1,1
255,CC(C=C(N(CCC#N)CCO)C=C1)=C1/N=N/C2=CC=CC=C2Br,1.9106215007360798,0.5938161853225555,0.7211898088420546,-1.0010386980263974,0.494007551270125,0.28023133133342953,0.1697839111696888,0.05711205188211773,1,1
256,CC(C=C(N(CCC#N)CCO)C=C1)=C1/N=N/C2=CC=CC(Br)=C2,1.9106215007360798,0.5938161853225555,0.7211898088420546,-1.0010386980263974,0.494007551270125,0.28023133133342953,0.1697839111696888,0.05711205188211773,1,1
257,CC(C=C(N(CCC#N)CCO)C=C1)=C1/N=N/C2=CC=CC=C2Cl,1.5682844639102955,0.2854047006226507,0.505300340323897,-1.1205465398701315,0.1684666612743323,-0.014987668314451105,0.13936275186203365,0.027449652724617246,1,1
258,CC(C=C(N(CCC#N)CCO)C=C1)=C1/N=N/C2=CC=CC(Cl)=C2,1.5682844639102955,0.2854047006226507,0.505300340323897,-1.1205465398701315,0.1684666612743323,-0.014987668314451105,0.13936275186203365,0.027449652724617246,1,1
259,CC(C=C(N(CCC#N)CCO)C=C1)=C1/N=N/C2=CC=C(Cl)C=C2,1.5682844639102957,0.28540470062265144,0.5053003403238975,-1.1205465398701315,0.16846666127433182,-0.014987668314451422,0.13936275186203367,0.027449652724617316,1,1
260,CC(C=C(N(CCC#N)CCO)C=C1)=C1/N=N/C2=C(F)C=CC=C2,1.3589635203281931,-0.20131883511824938,0.1967326795990367,-1.247912357179071,0.3050475396385193,0.052766581436089637,0.12076182620647741,-0.019362442520618566,1,1
261,CC(C=C(N(CCC#N)CCO)C=C1)=C1/N=N/C2=CC(F)=CC=C2,1.3589635203281931,-0.20131883511824938,0.1967326795990367,-1.247912357179071,0.3050475396385193,0.052766581436089637,0.12076182620647741,-0.019362442520618566,1,1
262,CC(C=C(N(CCC#N)CCO)C=C1)=C1/N=N/C2=C(C(F)(F)F)C=CC=C2,1.8835895084899736,0.7459262974668807,0.8086443212674663,-0.9783410525644065,0.26965206920777407,0.10997980694274502,0.16738176225192333,0.07174169794315018,1,1
263,CC(C=C(N(CCC#N)CCO)C=C1)=C1/N=N/C2=CC(C(F)(F)F)=CC=C2,1.8835895084899734,0.7459262974668799,0.8086443212674659,-0.9783410525644067,0.26965206920777457,0.10997980694274534,0.1673817622519233,0.0717416979431501,1,1
264,CC(C=C(N(CCC#N)CCO)C=C1)=C1/N=N/C2=CC=C(C(F)(F)F)C=C2,1.8835895084899734,0.7459262974668799,0.8086443212674659,-0.9783410525644067,0.26965206920777457,0.10997980694274534,0.1673817622519233,0.0717416979431501,1,1
265,CC(C=C(N(CCC#N)CCO)C=C1)=C1/N=N/C2=C(C#N)C=CC=C2,2.0680642741844864,-0.6920519516313147,-0.23048948075798545,-0.8497711759223822,0.1550994692374605,0.16987762753825567,0.1837747774146124,-0.06656017121732564,1,1
266,CC(C=C(N(CCC#N)CCO)C=C1)=C1/N=N/C2=CC=C(C#N)C=C2,2.0680642741844864,-0.6920519516313145,-0.23048948075798528,-0.8497711759223822,0.155099469237461,0.16987762753825608,0.1837747774146124,-0.06656017121732563,1,1
267,CC(C=C(N(CCC#N)CCO)C=C1)=C1/N=N/C2=C(OC)C=CC=C2,2.121941406832207,-0.36479086033716224,-0.1496831216073151,-1.3787961896470955,0.4002919913846146,-0.10763999010207662,0.18856247100018864,-0.03508485463457275,1,1
268,CC(C=C(N(CCC#N)CCO)C=C1)=C1/N=N/C2=CC(OC)=CC=C2,2.121941406832207,-0.36479086033716224,-0.1496831216073151,-1.3787961896470955,0.4002919913846146,-0.10763999010207662,0.18856247100018864,-0.03508485463457275,1,1
269,CC(C=C(N(CCC#N)CCO)C=C1)=C1/N=N/C2=C(C)C=CC=C2,1.360060396226147,-0.08777725857509552,0.2640787121659557,-1.2270332154506645,0.179385983750051,-0.040010206708460595,0.12085929809190873,-0.008442240999355427,1,1
270,CC(C=C(N(CCC#N)CCO)C=C1)=C1/N=N/C2=CC(C)=CC=C2,1.360060396226147,-0.08777725857509552,0.2640787121659557,-1.2270332154506645,0.179385983750051,-0.040010206708460595,0.12085929809190873,-0.008442240999355427,1,1
271,CC(C=C(N(CCC#N)CCO)C=C1)=C1/N=N/C2=CC=C(C)C=C2,1.360060396226147,-0.08777725857509552,0.2640787121659557,-1.2270332154506645,0.179385983750051,-0.040010206708460595,0.12085929809190873,-0.008442240999355427,1,1
272,CC(C=C(N(CCC#N)CCO)C=C1)=C1/N=N/C2=CC(C(O)C)=CC=C2,2.6551548908023017,-1.1583253563162779,0.964597075169499,-1.3555922415927522,0.3381309470328194,-0.14399241892243386,0.23594551927112095,-0.11140541379883967,1,1
273,CC(C=C(N(CCC#N)CCO)C=C1)=C1/N=N/C2=CC=C(S(=O)(C)=O)C=C2,3.0901464481974057,-0.9263062966528836,-0.5941116876685922,-0.9373981527949152,0.7660037566698404,0.46316797649818353,0.2746002543465307,-0.08909028514343248,1,1
274,CC(C=C(N(CCC#N)CCO)C=C1)=C1/N=N/C2=CC=C(C(C)=O)C=C2,2.375295579716585,-0.23100878971356303,-0.04902350760297243,-1.2501379031468662,0.23523245217703373,0.028091145812807285,0.2110763296408975,-0.0222179629141966,1,1
275,N#CCCNC(C=C1)=CC=C1/N=N/C2=CC=CC=C2,-0.1395955996119169,-0.3564645968392647,0.40803885191814626,-0.8353855677377985,-0.288861425910668,-0.27051433423416643,-0.012404909541245158,-0.03428405128055537,0,0
276,N#CCCNC(C=C1)=CC=C1/N=N/C2=CC=CC=C2[N+]([O-])=O,1.7463912878693766,-0.7410549270203948,-0.16982863571933188,-0.3683283201196662,-0.4950221141930533,-0.07922774404122661,0.15518989144260154,-0.07127317928610888,1,1
277,N#CCCNC(C=C1)=CC=C1/N=N/C2=CC=CC([N+]([O-])=O)=C2,1.7463912878693766,-0.7410549270203948,-0.16982863571933188,-0.3683283201196662,-0.4950221141930533,-0.07922774404122661,0.15518989144260154,-0.07127317928610888,1,1
278,ClC1=CC=CC=C1/N=N/C2=CC=C(NCCC#N)C=C2,0.22675646386075765,0.33104930383964204,0.8507657145545896,-0.6423986225067577,-0.3428950034663512,-0.2522469888952413,0.02015030151312303,0.03183965928136252,0,0
279,ClC1=CC(/N=N/C2=CC=C(NCCC#N)C=C2)=CC=C1,0.22675646386075765,0.33104930383964204,0.8507657145545896,-0.6423986225067577,-0.3428950034663512,-0.2522469888952413,0.02015030151312303,0.03183965928136252,0,0
280,ClC1=CC=C(/N=N/C2=CC=C(NCCC#N)C=C2)C=C1,0.22675646386075765,0.33104930383964204,0.8507657145545896,-0.6423986225067577,-0.3428950034663512,-0.2522469888952413,0.02015030151312303,0.03183965928136252,0,0
281,FC1=CC=CC=C1/N=N/C2=CC=C(NCCC#N)C=C2,0.01743552027865515,-0.1556742319012584,0.5421980538297293,-0.7697644398156974,-0.206314125102164,-0.1844927391447005,0.001549375857566781,-0.014972435963873322,0,0
282,FC1=CC(/N=N/C2=CC=C(NCCC#N)C=C2)=CC=C1,0.01743552027865531,-0.1556742319012577,0.5421980538297297,-0.7697644398156972,-0.20631412510216446,-0.18449273914470082,0.001549375857566795,-0.014972435963873256,0,0
283,FC1=CC=C(/N=N/C2=CC=C(NCCC#N)C=C2)C=C1,0.01743552027865531,-0.1556742319012577,0.5421980538297297,-0.7697644398156972,-0.20631412510216446,-0.18449273914470082,0.001549375857566795,-0.014972435963873256,0,0
284,N#CCCNC(C=C1)=CC=C1/N=N/C2=CC=C(C(F)(F)F)C=C2,0.5420615084404354,0.7915709006838701,1.154109695498158,-0.5001931352010333,-0.2417095955329083,-0.12727951363804452,0.048169311903012685,0.07613170449989529,1,1
285,N#CCCNC(C=C1)=CC=C1/N=N/C2=CC=CC=C2C#N,0.7265362741349487,-0.6464073484143226,0.11497589347270787,-0.3716232585590083,-0.35626219550322263,-0.06738169304253455,0.0645623270657018,-0.06217016466058029,1,1
286,N#CCCNC(C=C1)=CC=C1/N=N/C2=CC=C(C#N)C=C2,0.7265362741349481,-0.6464073484143229,0.1149758934727076,-0.3716232585590084,-0.35626219550322324,-0.0673816930425349,0.06456232706570175,-0.06217016466058033,1,1
287,N#CCCNC(C=C1)=CC=C1/N=N/C2=CC=CC=C2OC,0.7804134067826693,-0.3191462571201702,0.1957822526233781,-0.9006482722837216,-0.1110696733560686,-0.34489931068286667,0.06935002065127802,-0.0306948480778274,1,1
288,N#CCCNC(C=C1)=CC=C1/N=N/C2=CC=CC(OC)=C2,0.7804134067826693,-0.3191462571201702,0.1957822526233781,-0.9006482722837216,-0.1110696733560686,-0.34489931068286667,0.06935002065127802,-0.0306948480778274,1,1
289,N#CCCNC(C=C1)=CC=C1/N=N/C2=CC=C(OC)C=C2,0.7804134067826693,-0.3191462571201702,0.1957822526233781,-0.9006482722837216,-0.1110696733560686,-0.34489931068286667,0.06935002065127802,-0.0306948480778274,1,1
290,CC1=CC=CC=C1/N=N/C2=CC=C(NCCC#N)C=C2,0.01853239617660907,-0.04213265535810377,0.6095440863966487,-0.7488852980872908,-0.3319756809906328,-0.2772695272892511,0.00164684774299811,-0.00405223444261011,0,0
291,CC1=CC(/N=N/C2=CC=C(NCCC#N)C=C2)=CC=C1,0.018532396176608915,-0.04213265535810447,0.6095440863966483,-0.7488852980872908,-0.3319756809906323,-0.2772695272892508,0.001646847742998096,-0.004052234442610178,0,0
292,CC1=CC=C(/N=N/C2=CC=C(NCCC#N)C=C2)C=C1,0.01853239617660907,-0.04213265535810377,0.6095440863966487,-0.7488852980872908,-0.3319756809906328,-0.2772695272892511,0.00164684774299811,-0.00405223444261011,0,0
293,OCCC1=CC=CC=C1/N=N/C2=CC=C(NCCC#N)C=C2,1.4557647357912513,-1.4767681295523225,0.984132061644285,-1.4094039939611032,0.07221363838908995,-0.2405291761950622,0.1293638904881606,-0.14203260220506922,1,1
294,CC(O)C1=CC(/N=N/C2=CC=C(NCCC#N)C=C2)=CC=C1,1.3136268907527633,-1.1126807530992868,1.310062449400192,-0.8774443242293783,-0.17323071770786386,-0.3812517395032236,0.11673306892221028,-0.10701540724209442,1,1
295,OCCC1=CC=C(/N=N/C2=CC=C(NCCC#N)C=C2)C=C1,1.4557647357912513,-1.4767681295523225,0.984132061644285,-1.4094039939611032,0.07221363838908995,-0.2405291761950622,0.1293638904881606,-0.14203260220506922,1,1
296,O=C(C)NC1=CC=C(/N=N/C2=CC=C(NCCC#N)C=C2)C=C1,1.5397485951324663,-1.2124134444853438,1.2693727000701163,-0.7888054655474088,-0.19623864126446883,-0.116193358774377,0.13682696368637545,-0.11660749783438729,1,1
297,[H]N(C)C(C=C1)=CC=C1/N=N/C2=CC=CC=C2,-1.652231261046408,-0.5531138813881835,0.5983962333378906,-0.5234663348928545,-0.0566679492430535,-0.3276683612681215,-0.14682253159467384,-0.05319738577587328,0,0
298,[H]N(CC)C(C=C3)=CC=C3/N=N/C4=CC=CC=C4,-1.244585558097335,-0.12913819659823597,0.764944117663402,-0.8627888554455676,-0.1766178326252962,-0.41502048203867625,-0.11059783623164852,-0.012420253213669732,0,0
299,[H]N(CCO)C(C=C5)=CC=C5/N=N/C6=CC=CC=C6,-0.1906453161265997,-1.8803077880160401,1.0389764940307415,-1.1599133322072017,0.27442871214002945,-0.3411229668838146,-0.016941349924977638,-0.1808442386682165,0,0
300,[H]N(CCC#N)C(C=C7)=CC=C7/N=N/C8=CC=CC=C8,-0.1395955996119169,-0.3564645968392647,0.40803885191814626,-0.8353855677377985,-0.288861425910668,-0.27051433423416643,-0.012404909541245158,-0.03428405128055537,0,0
301,CC9=CC(NCCC#N)=CC=C9/N=N/C%10=CC=CC=C%10,0.01853239617660907,-0.04213265535810377,0.6095440863966487,-0.7488852980872908,-0.3319756809906328,-0.2772695272892511,0.00164684774299811,-0.00405223444261011,0,0
302,OCCN(CCO)C(C=C%11)=CC=C%11/N=N/C%12=CC=CC=C%12,0.9927546881344121,-2.2402843327141926,0.49200588532154627,-1.7245615192210841,0.8289046319606778,-0.0971084532479399,0.08821934313968971,-0.21546606206290703,1,1
303,OCCN(CCC#N)C(C=C%13)=CC=C%13/N=N/C%14=CC=CC=C%14,1.0438044046490949,-0.7164411415374164,-0.13893175679104888,-1.4000337547516808,0.2656144939099805,-0.0264998205982918,0.09275578352342218,-0.06890587467524585,1,1
304,CC%15=CC(N(CCO)CCC#N)=CC=C%15/N=N/C%16=CC=CC=C%16,1.2019324004376208,-0.40210920005625556,0.0625734776874537,-1.3135334851011724,0.22250023883001577,-0.033255013653376415,0.10680754080766544,-0.0386740578373006,1,1
305,CN(CCC#N)C(C=C%17)=CC=C%17/N=N/C%18=CC=CC=C%18,-0.4177815402707131,0.6107527650904401,-0.5795120174839,-0.7635867574373333,-0.06548216747310275,-0.013045214982598764,-0.037125398146274004,0.058740978217097346,0,0
306,CCN(CCC#N)C(C=C%19)=CC=C%19/N=N/C%20=CC=CC=C%20,-0.010135837321640417,1.0347284498803877,-0.4129641331583887,-1.1029092779900462,-0.18543205085534548,-0.1003973357531534,-0.0009007027832487093,0.0995181107793009,0,0
307,CCN(CCC#N)C(C=C%21C)=CC=C%21/N=N/C%22=CC=CC=C%22,0.14799215846688554,1.3490603913615482,-0.21145889867988607,-1.0164090083395383,-0.22854630593531036,-0.10715252880823815,0.013151054500994559,0.12974992761724613,1,1
308,N#CCCN(CCC#N)C(C=C%23)=CC=C%23/N=N/C%24=CC=CC=C%24,1.0948541211637777,0.8074020496393598,-0.7698693989036436,-1.0755059902822774,-0.2976756441407176,0.04410881205135585,0.09729222390715465,0.07765431271241534,1,1
309,CC1=CC(N(CCC#N)CCC#N)=CC=C1/N=N/C2=CC=CC=C2,1.2529821169523032,1.12173399112052,-0.5683641644251416,-0.9890057206317694,-0.3407898992206821,0.03735361899627146,0.11134398119139788,0.10788612955036053,1,1
310,[H]N(C)C(C=C1)=CC=C1/N=N/C2=CC=C([N+]([O-])=O)C=C2,0.23375562643488534,-0.9377042115693135,0.020528745700412635,-0.05640908727472225,-0.2628286375254383,-0.13638177107518212,0.020772269389172832,-0.09018651378142678,0,0
311,[H]N(CC)C(C=C3)=CC=C3/N=N/C4=CC=C([N+]([O-])=O)C=C4,0.641401329383958,-0.5137285267793659,0.18707663002592384,-0.39573160782743527,-0.3827785209076809,-0.22373389184573678,0.05699696475219813,-0.04940938121922322,1,1
312,[H]N(CCO)C(C=C5)=CC=C5/N=N/C6=CC=C([N+]([O-])=O)C=C6,1.6953415713546933,-2.26489811819717,0.461109006393263,-0.6928560845890693,0.06826802385764384,-0.14983637669087516,0.15065345105886901,-0.21783336667376996,1,1
313,[H]N(CCC#N)C(C=C7)=CC=C7/N=N/C8=CC=C([N+]([O-])=O)C=C8,1.7463912878693766,-0.7410549270203948,-0.16982863571933188,-0.3683283201196662,-0.4950221141930533,-0.07922774404122661,0.15518989144260154,-0.07127317928610888,1,1
314,CC9=CC(NCCC#N)=CC=C9/N=N/C%10=CC=C([N+]([O-])=O)C=C%10,1.9045192836579026,-0.42672298553923366,0.0316765987591708,-0.2818280504691579,-0.5381363692730182,-0.08598293709631141,0.1692416487268448,-0.041041362448163594,1,1
315,OCCN(CCO)C(C=C%11)=CC=C%11/N=N/C%12=CC=C([N+]([O-])=O)C=C%12,2.8787415756157055,-2.6248746628953232,-0.08586160231593273,-1.2575042716029514,0.6227439436782921,0.09417813694499944,0.25581414412353637,-0.2524551900684606,1,1
316,OCCN(CCC#N)C(C=C%13)=CC=C%13/N=N/C%14=CC=C([N+]([O-])=O)C=C%14,2.929791292130388,-1.1010314717185468,-0.716799244428527,-0.9329765071335481,0.059453805627594426,0.16478676959464733,0.26035058450726883,-0.10589500268079938,1,1
317,CC%15=CC(N(CCO)CCC#N)=CC=C%15/N=N/C%16=CC=C([N+]([O-])=O)C=C%16,3.0879192879189143,-0.7866995302373855,-0.5152940099500244,-0.8464762374830399,0.016339550547630168,0.1580315765395633,0.2744023417915121,-0.07566318584285409,1,1
318,CN(CCC#N)C(C=C%17)=CC=C%17/N=N/C%18=CC=C([N+]([O-])=O)C=C%18,1.46820534721058,0.22616243490931023,-1.157379505121378,-0.29652950981920084,-0.2716428557554875,0.17824137521034064,0.13046940283757266,0.021751850211543862,1,1
319,CCN(CCC#N)C(C=C%19)=CC=C%19/N=N/C%20=CC=C([N+]([O-])=O)C=C%20,1.875851050159653,0.6501381196992576,-0.9908316207958664,-0.6358520303719141,-0.39159273913773035,0.09088925443978593,0.16669409820059797,0.0625289827737474,1,1
320,CCN(CCC#N)C(C=C%21C)=CC=C%21/N=N/C%22=CC=C([N+]([O-])=O)C=C%22,2.0339790459481786,0.9644700611804183,-0.7893263863173643,-0.5493517607214059,-0.4347069942176952,0.08413406138470124,0.1807458554848412,0.09276079961169263,1,1
321,N#CCCN(CCC#N)C(C=C%23)=CC=C%23/N=N/C%24=CC=C([N+]([O-])=O)C=C%24,2.9808410086450716,0.42281171945822926,-1.3477368865411221,-0.6084487426641448,-0.5038363324231037,0.23539540224429514,0.26488702489100135,0.0406651847068618,1,1
322,CC1=CC(N(CCC#N)CCC#N)=CC=C1/N=N/C2=CC=C([N+]([O-])=O)C=C2,3.1389690044335965,0.7371436609393895,-1.1462316520626201,-0.5219484730136366,-0.546950587503068,0.2286402091892108,0.27893878217524454,0.07089700154480699,1,1
323,COC(S1)=CC=C1/N=N/C2=CC=CC=C2,-1.5724520385322245,0.24819521334620478,-0.6509153770931637,-0.1897064232158086,0.1242667602070217,-0.42331560597106427,-0.13973309581510338,0.023870918731900226,0,0
324,COC(S1)=CC=C1/N=N/C2=CC=C(C#N)C=C2,-0.7063201647853603,-0.04174753822885405,-0.9439783355386027,0.2740558859629814,0.05686599061446686,-0.22018296477943253,-0.06276585920815655,-0.004015194648124794,0,0
325,CC(S1)=CC=C1/N=N/C2=CC=C(C#N)C=C2,-1.4682011753914206,0.2352660635332118,-0.5302165017653325,0.42581886015941234,-0.1640400170200965,-0.15255318138581644,-0.13046903211643646,0.022627418987092442,0,0
326,CC(S1)=CC=C1/N=N/C2=CC=C(C(F)(F)F)C=C2,-1.6526759410859335,1.6732443126314056,0.5089173002601185,0.29724898351738777,-0.04948741704978243,-0.21245100198132666,-0.14686204727912555,0.16092928814756813,0,0
327,N#CC(S1)=CC=C1/N=N/C2=CC=CC=C2,-1.6263291711799466,-0.07906587794794828,-0.7317217362438344,0.3393185905089044,-0.12092576194013202,-0.14579798833073204,-0.14452078940067972,-0.007604397850852734,0,0
328,COC1=CC=C(/N=N/C2=CC=CS2)C=C1,-1.572452038532225,0.2481952133462041,-0.6509153770931642,-0.18970642321580877,0.12426676020702215,-0.42331560597106394,-0.13973309581510343,0.023870918731900156,0,0
329,N#CC1=CC=C(/N=N/C2=CC=CS2)C=C1,-1.6263291711799466,-0.07906587794794896,-0.7317217362438349,0.3393185905089043,-0.12092576194013155,-0.14579798833073174,-0.14452078940067972,-0.007604397850852799,0,0
330,FC(F)(F)C1=CC=C(/N=N/C2=CC=CS2)C=C1,-1.8108039368744588,1.3589123711502453,0.3074120657816164,0.2107487138668798,-0.006373161969818171,-0.20569580892624229,-0.16091380456336876,0.13069747130962292,0,0
331,COC1=CC(/N=N/C2=CC=CS2)=CC=C1,-1.572452038532225,0.2481952133462041,-0.6509153770931642,-0.18970642321580877,0.12426676020702215,-0.42331560597106394,-0.13973309581510343,0.023870918731900156,0,0
332,N#CC1=CC(/N=N/C2=CC=CS2)=CC=C1,-1.6263291711799466,-0.07906587794794896,-0.7317217362438349,0.3393185905089043,-0.12092576194013155,-0.14579798833073174,-0.14452078940067972,-0.007604397850852799,0,0
333,Cc1[nH]c2c(c1N=Nc1nncs1)cccc2,-0.613429525250676,-1.198795122127748,0.03737769039160391,0.6236036870639692,0.142477859701818,-0.22178191313874054,-0.05451130115718915,-0.1152977148539656,0,0
334,Cn1c(C)c(c2c1cccc2)N=Nc1nncs1,-0.6190666798478216,-0.29361984812958225,-1.155458768298179,0.9014453299926467,0.5653366665490301,-0.37571321235482924,-0.055012236666918755,-0.02823976916507814,0,0
335,c1ccc(cc1)c1[nH]c2c(c1N=Nc1nncs1)cccc2,0.3200591027789546,0.2324012077139212,0.851472999951838,0.564999327327623,-0.07799225125689237,-0.29989978078782364,0.028441471141373176,0.02235188288984505,1,1
336,Cn1c(c2ccccc2)c(c2c1cccc2)N=Nc1nncs1,0.3144219481818089,1.1375764817120875,-0.3413634587379447,0.8428409702563008,0.3448665555903191,-0.453831080003913,0.027940535631643563,0.10940982857873256,1,1
337,CSc1nnc(s1)N=Nc1c(C)[nH]c2c1cccc2,0.3979130041926102,-0.42341338747479473,0.2748081404860794,0.6420484647290297,0.2720485612849208,-0.5734395540218176,0.03535981675652372,-0.04072305193215346,1,1
338,CSc1nnc(s1)N=Nc1c2ccccc2n(c1C)C,0.3922758495954648,0.48176188652337165,-0.9180283182037036,0.9198901076577075,0.6949073681321322,-0.727370853237907,0.034858881246794135,0.04633489375673406,1,1
339,CSc1nnc(s1)N=Nc1c([nH]c2c1cccc2)c1ccccc1,1.3314016322222406,1.0077829423668745,1.088903450046314,0.583444104992684,0.051578450326209974,-0.651557421670901,0.11831258905508603,0.09692654581165719,1,1
340,CSc1nnc(s1)N=Nc1c(c2ccccc2)n(c2c1cccc2)C,1.3257644776250952,1.9129582163650407,-0.1039330086434692,0.8612857479213617,0.4744372571734213,-0.8054887208869906,0.11781165354535644,0.1839844915005447,1,1
341,CC1=C(/N=N/C2=NN=C(CC)S2)C3=CC=CC=C3N1,-0.07200943181824332,-0.5679290634230018,0.3394385237504031,0.34670973760229884,0.05250637923625079,-0.26569427025449815,-0.006398987434454296,-0.05462228032393271,0,0
342,CCc1nnc(s1)N=Nc1c2ccccc2n(c1C)C,-0.07764658641538892,0.33724621057516446,-0.8533979349393797,0.6245513805309766,0.4753651860834622,-0.4196255694705873,-0.006899922944183902,0.0324356653649548,0,0
343,CCc1nnc(s1)N=Nc1c([nH]c2c1cccc2)c1ccccc1,0.8614791962113872,0.863267266418668,1.1535338333106377,0.28810537786595314,-0.16796373172246037,-0.3438121379035819,0.07655378486410803,0.083027317419878,1,1
344,CCc1nnc(s1)N=Nc1c(c2ccccc2)n(c2c1cccc2)C,0.8558420416142416,1.7684425404168334,-0.03930262537914514,0.5659470207946308,0.2548950751247511,-0.49774343711967106,0.07605284935437842,0.17008526310876543,1,1
345,Cc1[nH]c2c(c1N=Nc1n[nH]c(n1)S)cccc2,0.1584325728538757,-3.209894675174487,1.9887309809862088,0.492810110839931,0.3224564722596737,-0.28854219520630403,0.014078822972234189,-0.30872124363723596,0,0
346,Sc1[nH]nc(n1)N=Nc1c(C)n(c2c1cccc2)C,0.1527954182567296,-2.3047194011763206,0.7958945222964264,0.7706517537686086,0.7453152791068843,-0.4424734944223942,0.013577887462504538,-0.22166329794834844,0,0
347,Sc1[nH]nc(n1)N=Nc1c([nH]c2c1cccc2)c1ccccc1,1.0919212008835055,-1.7786983453328178,2.8028262905464434,0.4342057511035847,0.10198636130096242,-0.3666600628553885,0.09703159527079645,-0.17107164589342533,1,1
348,Sc1[nH]nc(n1)N=Nc1c(c2ccccc2)n(c2c1cccc2)C,1.0862840462863603,-0.8735230713346517,1.609989831856661,0.7120473940322624,0.5248451681481737,-0.5205913620714775,0.09653065976106688,-0.08401370020453781,1,1
349,Oc1c(/C=N/c2cc(C(O)=O)ccn2)cc(/N=N/c3ccc([N+]([O-])=O)cc3)cc1,4.1312969756591675,-1.4901421640090453,0.744356789835407,0.6330926412380634,-0.4007856449768609,0.20262573542883755,0.36712020589148103,-0.14331889006425022,1,1
350,Oc1c(/C=N/c2cc(C(OCC)=O)ccn2)cc(/N=N/c3ccc([N+]([O-])=O)cc3)cc1,4.544930313746667,-0.0979953215998098,-0.24343988055344085,0.5842091989425239,-0.1368004010244558,-0.06948626939089633,0.4038769815812835,-0.009424993844472368,1,1
351,Oc1c(/C=N/c2c(C(C)C)cc(S(=O)(O)=O)cc2C(C)C)cc(/N=N/c3ccc([N+]([O-])=O)cc3)cc1,5.974689414553903,1.0543566630949823,2.1803084029327806,0.4842427900379869,-0.8033631515487628,0.1870079958724615,0.5309299285265517,0.10140591303052494,1,1
352,CN1C2=CC=CC=C2N=C1/N=N/C3=NC4=CC=CC=C4N3C,-0.2724234301741003,-0.08063902949910574,-0.9976599383454036,1.0404766002241195,0.684605205702452,-0.09558614884055416,-0.024208413571919944,-0.007755700417587818,0,0
353,C12=CC=CC=C1N=C(/N=N/C3=NC4=CC=CC=C4O3)O2,-0.09947339175434962,0.02165648914442618,-0.9269269832902616,1.211358737474325,-0.16369391466265676,-0.23993911318049085,-0.00883952237680857,0.0020828777695393124,0,0
354,C12=CC=CC=C1N=C(/N=N/C3=NC4=CC=CC=C4S3)S2,-0.13457184310203282,1.1911716824103633,-0.22711415004885083,1.225374500271824,0.1681112864722494,-0.729324875816404,-0.011958482538992909,0.11456450768410213,0,0
355,[H]C1=CC=C(N=C(N=NC2=CC=CC=C2)S3)C3=C1,-1.4956397500895267,0.6977909766059244,-0.2545632253388707,0.42514258107315606,-0.026348754548067593,-0.3575283300233386,-0.13290731124569954,0.06711213914983431,0,0
356,[H]C4=CC=C(N=C(N=NC5=CC=CC=C5Cl)S6)C6=C4,-1.1292876866168529,1.38530487728483,0.188163637297572,0.6181295263041967,-0.08038233210375029,-0.3392609846844133,-0.10035210019133144,0.1332358497117521,0,0
357,[H]C7=CC=C(N=C(N=NC8=CC=CC(CO)=C8)S9)C9=C7,-0.2457350412023155,-0.5721223219574142,0.3235019238992284,0.2519168665520662,0.26802465096796124,-0.36837035588863476,-0.02183679833535848,-0.05502557953485336,0,0
358,[H]C%10=CC=C(N=C(N=NC%11=C(NC(C)=O)C=CC=C%11)S%12)C%12=C%10,0.1837044446548562,-0.15815787104015586,0.6067706228130986,0.47172268326354605,0.0662740300981314,-0.2032073545635489,0.016324561981921032,-0.01521130740399771,0,0
359,[H]C%13=CC=C(N=C(N=NC%14=CC=C(NC(C)=O)C=C%14)S%15)C%15=C%13,0.1837044446548562,-0.15815787104015586,0.6067706228130986,0.47172268326354605,0.0662740300981314,-0.2032073545635489,0.016324561981921032,-0.01521130740399771,0,0
360,[H]C%16=CC=C(N=C(N=NC%17=CC=CC=C%17OC)S%18)C%18=C%16,-0.5756307436949407,0.7351093163250187,-0.466819824633639,0.35987987652723313,0.1514429980065314,-0.43191330647203896,-0.051152381053176404,0.07070134235256227,0,0
361,[H]C%19=CC=C(N=C(N=NC%20=CC=C(OC)C=C%20)S%21)C%21=C%19,-0.5756307436949407,0.7351093163250187,-0.466819824633639,0.35987987652723313,0.1514429980065314,-0.43191330647203896,-0.051152381053176404,0.07070134235256227,0,0
362,[H]C%22=CC=C(N=C(N=NC%23=CC=CC=C%23SC)S%24)C%24=C%22,-0.48429722064624126,1.4731727112588766,-0.017132775244395878,0.4435873587382163,0.10322194703503518,-0.7091859709064157,-0.04303619333198675,0.14168680207164636,0,0
363,[H]C%25=CC=C(N=C(N=NC%26=CC=C(SC)C=C%26)S%27)C%27=C%25,-0.48429722064624126,1.4731727112588766,-0.017132775244395878,0.4435873587382163,0.10322194703503518,-0.7091859709064157,-0.04303619333198675,0.14168680207164636,0,0
364,O=[N+]([O-])C1=CC=C(N=C(N=NC2=CC=CC=C2)S3)C3=C1,0.39034713739176624,0.31320064642479445,-0.8324307129763491,0.8921998286912887,-0.23250944283045308,-0.1662417398303992,0.03468748973814708,0.03012301114428083,1,1
365,O=[N+]([O-])C4=CC=C(N=C(N=NC5=CC=CC=C5C(O)=O)S6)C6=C4,2.0639134946528954,-0.8977588158979664,-0.1852135590552981,0.9331151081344008,-0.28744517944071557,0.10555350212444195,0.18340592592675617,-0.08634464559658692,1,1
366,ClC7=CC=CC=C7N=NC8=NC9=CC=C([N+]([O-])=O)C=C9S8,0.7566992008644414,1.0007145471037011,-0.38970385033990534,1.0851867739223295,-0.2865430203861357,-0.14797439449147362,0.06724270079251533,0.09624672170619872,1,1
367,ClC%10=CC(N=NC%11=NC%12=CC=C([N+]([O-])=O)C=C%12S%11)=CC=C%10,0.7566992008644414,1.0007145471037011,-0.38970385033990534,1.0851867739223295,-0.2865430203861357,-0.14797439449147362,0.06724270079251533,0.09624672170619872,1,1
368,ClC(C=C%13)=CC=C%13N=NC%14=NC%15=CC=C([N+]([O-])=O)C=C%15S%14,0.7566992008644414,1.0007145471037011,-0.38970385033990534,1.0851867739223295,-0.2865430203861357,-0.14797439449147362,0.06724270079251533,0.09624672170619872,1,1
369,FC(C=C%16)=CC=C%16N=NC%17=NC%18=CC=C([N+]([O-])=O)C=C%18S%17,0.5473782572823387,0.5139910113628006,-0.6982715110647657,0.9578209566133897,-0.14996214202194902,-0.08022014474093334,0.04864177513695906,0.04943462646096286,1,1
370,IC(C=C%19)=CC=C%19N=NC%20=NC%21=CC=C([N+]([O-])=O)C=C%21S%20,1.4232535701802298,1.4272078414952603,-0.07239823431450643,1.2861901567746152,0.543191232169377,0.5717315116771443,0.1264748447760726,0.1372659929196215,1,1
371,O=[N+]([O-])C%22=CC=C(N=C(N=NC%23=CC=C([N+]([O-])=O)C=C%23)S%24)C%24=C%22,2.2763340248730604,-0.07138968375633527,-1.4102982006138267,1.3592570763094212,-0.4386701311128378,0.025044850362540824,0.20228229072199383,-0.006866116861272639,1,1
372,OCC%25=CC(N=NC%26=NC%27=CC=C([N+]([O-])=O)C=C%27S%26)=CC=C%25,1.6402518462789775,-0.9567126521385438,-0.2543655637382498,0.7189741141701989,0.061863962685576424,-0.17708376569569545,0.14575800264848815,-0.09201470754040682,1,1
373,OCC%28=CC(N=NC%29=NC%30=CC=C([N+]([O-])=O)C=C%30S%29)=CC=C%28,1.6402518462789775,-0.9567126521385438,-0.2543655637382498,0.7189741141701989,0.061863962685576424,-0.17708376569569545,0.14575800264848815,-0.09201470754040682,1,1
374,O=C(C)NC(C=C%31)=CC=C%31N=NC%32=NC%33=CC=C([N+]([O-])=O)C=C%33S%32,2.0696913321361503,-0.5427482012212852,0.02890313517562085,0.9387799308816792,-0.1398866581842547,-0.011920764370609562,0.18391936296576777,-0.052200435409551146,1,1
375,COC1=CC=CC=C1N=NC2=NC3=CC=C([N+]([O-])=O)C=C3S2,1.3103561437863522,0.3505189861438881,-1.0446873122711176,0.8269371241453656,-0.05471769027585305,-0.24062671627909937,0.11644241993067024,0.03371221434700871,1,1
376,COC(C=C4)=CC=C4N=NC5=NC6=CC=C([N+]([O-])=O)C=C6S5,1.3103561437863522,0.3505189861438881,-1.0446873122711176,0.8269371241453656,-0.05471769027585305,-0.24062671627909937,0.11644241993067024,0.03371221434700871,1,1
377,CSC7=CC=CC=C7N=NC8=NC9=CC=C([N+]([O-])=O)C=C9S8,1.4016896668350525,1.0885823810777473,-0.5950002628818735,0.9106446063563491,-0.10293874124735049,-0.5178993807134764,0.12455860765185996,0.10469767406609293,1,1
378,CSC(C=C%10)=CC=C%10N=NC%11=NC%12=CC=C([N+]([O-])=O)C=C%12S%11,1.4016896668350525,1.0885823810777473,-0.5950002628818735,0.9106446063563491,-0.10293874124735049,-0.5178993807134764,0.12455860765185996,0.10469767406609293,1,1
379,OC1=C(N=CC=C2)C2=C(/N=N/C3=CC=CC=C3)C=C1,-0.9096713950825464,-0.5262918952801331,0.6061346413218484,0.447300077602,-0.10331830380428521,-0.14032627256726654,-0.08083629712991294,-0.050617700849716674,0,0
380,OC4=C(N=CC=C5)C5=C(/N=N/C6=CC=C(C)C=C6)C=C4,-0.7515433992940204,-0.21195995379897292,0.8076398758003506,0.5338003472525079,-0.14643255888424922,-0.14708146562235058,-0.06678453984566968,-0.020385884011771487,0,0
381,OC7=C(N=CC=C8)C8=C(/N=N/C9=CC=C(OC%10=CC=CC=C%10)C=C9)C=C7,1.019885633165739,1.2777763975822156,1.4140756171505642,0.3986119766726543,-0.37427429053290145,-0.4495943238095171,0.09063028531707747,0.12289397580636988,1,1
382,OC%11=C(N=CC=C%12)C%12=C(/N=N/C%13=CC=C(NC(C)=O)C=C%13)C=C%11,0.7696727996618365,-1.3822407429262122,1.467468489473818,0.4938801797923899,-0.010695519158086276,0.013994702892522819,0.06839557609770765,-0.1329411474035486,1,1
383,OC%14=C(N=CC=C%15)C%15=C(/N=N/C%16=CC=C(OCC)C=C%16)C=C%14,0.41798331426111257,-0.06499787077109223,0.560425926352591,0.04271485250336374,-0.04547643463192832,-0.30206336978652126,0.03714332842563553,-0.00625136508478527,1,1
384,OC%17=C(N=CC=C%18)C%18=C(/N=N/C%19=CC=C(Cl)C=C%19)C=C%17,-0.5433193316098721,0.16122200539877257,1.048861503958291,0.6402870228330405,-0.157351881359968,-0.12205892722834112,-0.04828108607554478,0.015506009712201115,0,0
385,OC%20=C(N=CC=C%21)C%21=C(/N=N/C%22=CC=C(C(O)=O)C=C%22)C=C%20,0.7638949621785823,-1.7372513576028943,1.2533517952428983,0.4882153570451119,-0.15825404041454763,0.13146896938757524,0.0678821390586961,-0.16708535759058446,1,1
386,OC%23=C(N=CC=C%24)C%24=C(/N=N/C%25=CC=CC=C%25C(O)=O)C=C%23,0.7638949621785823,-1.7372513576028943,1.2533517952428983,0.4882153570451119,-0.15825404041454763,0.13146896938757524,0.0678821390586961,-0.16708535759058446,1,1
387,OC%26=C(N=CC=C%27)C%27=C(/N=N/C%28=CC=C(C(C)=O)C=C%28)C=C%26,0.2636917841964173,-0.3551914849374408,0.4945376560314218,0.5106956595563058,-0.09058609045726594,-0.0789801131010826,0.023432491703319094,-0.034161605926612694,0,0
388,OC%29=C(N=CC=C%30)C%30=C(/N=N/C%31=CC=C(C#N)C=C%31)C=C%29,-0.043539521335681286,-0.8162346468551915,0.3130716828764093,0.9110623867807901,-0.17071907339683948,0.06280636862436548,-0.0038690605229660317,-0.07850381422974165,0,0
389,OC%32=C(N=CC=C%33)C%33=C(/N=N/C%34=CC=C([N+]([O-])=O)C=C%34)C=C%32,0.9763154923987467,-0.910882225461263,0.02826715368437027,0.9143573252201321,-0.30947899208667035,0.05096031762567283,0.0867585038539337,-0.08760682885527016,1,1
390,OC1=C2N=CC=CC2=C(/N=N/C3=NC=CS3)C=C1,-0.12230052709333322,-1.196129305542066,-0.1109932419676864,0.9295515068948346,0.2732344127576759,-0.4686253253315977,-0.010868014318911871,-0.1150413219517294,0,0
391,OC4=C5N=CC=CC5=C(/N=N/C6=NC=C(C)S6)C=C4,0.03582746869519248,-0.8817973640609051,0.09051199251081607,1.016051776545343,0.2301201576777111,-0.4753805183866822,0.0031837429653313737,-0.08480950511378414,0,0
392,OC7=C8N=CC=CC8=C(/N=N/C9=NC=C(S(=O)(C%10=CC=C([N+]([O-])=O)C=C%10)=O)S9)C=C7,4.59804174677965,-0.6179000406041231,-0.4971648490897385,1.7266459754088073,0.35213245626440903,0.11488802019864852,0.40859663266062746,-0.05942838886713128,1,1
393,OC%11=C%12N=CC=CC%12=C(/N=N/C%13=NC(CC(OCC)=O)=CS%13)C=C%11,2.2900303048897737,-0.9549983517559038,-0.5086190707550864,0.5007014099161897,0.6099856225833573,-0.3862243145018873,0.20349938578180393,-0.09184982956164023,1,1
394,OC%14=C%15N=CC=CC%15=C(/N=N/C%16=NC(C%17=CC=CC=C%17)=CS%16)C=C%14,0.9693160967248234,0.5493989657807645,0.9046073020710509,0.957447416808997,0.00965004671900058,-0.5534983860357654,0.08613651526389374,0.05284009263002655,1,1
395,OC%18=C%19N=CC=CC%19=C(/N=N/C%20=NC(C%21=CC=C(Cl)C=C%21)=CS%20)C=C%18,1.3356681601974976,1.236912866459671,1.3473341647074937,1.150434362040038,-0.04438353083668288,-0.5352310406968402,0.11869172631826189,0.1189638031919444,1,1
396,OC%22=C%23N=CC=CC%23=C(/N=N/C%24=NC(C%25=CC=C(Br)C=C%25)=CS%24)C=C%22,1.678005197023281,1.5453243511595758,1.5632236332256513,1.2699422038837715,0.28115735915910917,-0.24001204104896037,0.14911288562591696,0.1486262023494449,1,1
397,OC%26=C%27N=CC=CC%27=C(/N=N/C%28=NC%29=CC=CC=C%29S%28)C=C%26,0.4513965119049478,-0.03291118947569493,0.6335837166118679,1.2475319968006677,0.09114173721603236,-0.5121228183603316,0.04011253157679373,-0.00316533231544893,1,1
398,OC%30=C%31N=CC=CC%31=C(/N=N/C%32=NC%33=CC=C(Cl)C=C%33S%32)C=C%30,0.8177485753776222,0.6546027112032117,1.0763105792483112,1.4405189420317086,0.037108159660349194,-0.49385547302140637,0.07266774263116191,0.06295837824646895,1,1
399,OC%34=C%35N=CC=CC%35=C(/N=N/C%36=NC%37=CC=C(OC)C=C%37S%36)C=C%34,1.3714055182995342,0.004407150243399283,0.4213271173170992,1.1822692922547446,0.26893348977063114,-0.5865077948090324,0.12186746176931693,0.00042387088727900826,1,1
400,OC%38=C%39N=CC=CC%39=C(/N=N/C%40=NC%41=CC(C)=C(C)C=C%41S%40)C=C%38,0.7676525034819996,0.5957526934866262,1.0365941855688725,1.4205325361016838,0.0049132270561036305,-0.5256332044705002,0.06821604614528026,0.05729830136044151,1,1
401,OC%42=C%43N=CC=CC%43=C(/N=N/C%44=NC%45=CC=CC=C%45N%44)C=C%42,0.3881078729660603,-1.573991819428595,1.441147281153374,0.8772414038481378,-0.07347011001607834,-0.041322155656317236,0.03448850157005988,-0.15138338205518134,0,0
402,N#CC1C(SC(/N=N/C2=NC(C=CC([N+]([O-])=O)=C3)=C3S2)C1C4CCCCC4)N,3.6569308997152445,-0.20019557854090936,-0.014166633489974597,1.810665712531366,0.15779814744051826,-0.05441371478484255,0.3249665257047206,-0.019254409951773837,1,1
403,N#Cc5c(c6ccc(Cl)cc6)c(/N=N/C7=NC(C=CC([N+]([O-])=O)=C8)=C8S7)sc5N,4.095982578514217,1.0836596576720507,0.788775096442447,2.1256999660187206,-0.4246916427484496,-0.4154860666630104,0.363982056098045,0.10422421638424355,1,1
404,N#CC9C(SC(/N=N/C%10=NC(C=CC([N+]([O-])=O)=C%11)=C%11S%10)C9C%12CCC(OC)CC%12)N,4.5082910789309265,-0.46573743185159255,-0.41244468389647465,1.6775488297804264,0.5416261391466813,0.012692675865939489,0.400621102493309,-0.04479369378742004,1,1
